Workbook

Sheet ISE
A1: Textbox2 | B1: Textbox7 | C1: Textbox1 | D1: Textbox5 | E1: Textbox3 | F1: Textbox8 | G1: Textbox9 | H1: Textbox10 | I1: Textbox11 | J1: Textbox12 | K1: ItemCode | L1: Description | M1: Unit | N1: Day1 | O1: Day2 | P1: Day3 | Q1: Day4 | R1: Day5 | S1: Day6 | T1: Day7
A2: Item Code | B2: Item | C2: Unit | D2: Monday 29-Jun-26 | E2: Tuesday 30-Jun-26 | F2: Wednesday 01-Jul-26 | G2: Thursday 02-Jul-26 | H2: Friday 03-Jul-26 | I2: Saturday 04-Jul-26 | J2: Sunday 05-Jul-26 | K2: 106431 | L2: 260 x 260mm Baking Paper Golden Silidor | M2: CARTON-1000 | N2: 0.03 | O2: 0.02 | P2: 0.03 | Q2: 0.01 | R2: 0.03 | S2: 0.03 | T2: 0.04
A3: Item Code | B3: Item | C3: Unit | D3: Monday 29-Jun-26 | E3: Tuesday 30-Jun-26 | F3: Wednesday 01-Jul-26 | G3: Thursday 02-Jul-26 | H3: Friday 03-Jul-26 | I3: Saturday 04-Jul-26 | J3: Sunday 05-Jul-26 | K3: 106491 | L3: 4OZ PORTION CUP 50EA | M3: PACK-50 | N3: 0.66 | O3: 0.24 | P3: 0.54 | Q3: 0.3 | R3: 0.42 | S3: 0.38 | T3: 0.48
A4: Item Code | B4: Item | C4: Unit | D4: Monday 29-Jun-26 | E4: Tuesday 30-Jun-26 | F4: Wednesday 01-Jul-26 | G4: Thursday 02-Jul-26 | H4: Friday 03-Jul-26 | I4: Saturday 04-Jul-26 | J4: Sunday 05-Jul-26 | K4: 106551 | L4: 4OZ PORTION CUP LID 50EA | M4: PACK-50 | N4: 0.66 | O4: 0.24 | P4: 0.54 | Q4: 0.3 | R4: 0.42 | S4: 0.38 | T4: 0.48
A5: Item Code | B5: Item | C5: Unit | D5: Monday 29-Jun-26 | E5: Tuesday 30-Jun-26 | F5: Wednesday 01-Jul-26 | G5: Thursday 02-Jul-26 | H5: Friday 03-Jul-26 | I5: Saturday 04-Jul-26 | J5: Sunday 05-Jul-26 | K5: 37995 | L5: BAG CHIPS LARGE | M5: CARTON-3000 | N5: 0.03 | O5: 0.03 | P5: 0.04 | Q5: 0.03 | R5: 0.06 | S5: 0.04 | T5: 0.04
A6: Item Code | B6: Item | C6: Unit | D6: Monday 29-Jun-26 | E6: Tuesday 30-Jun-26 | F6: Wednesday 01-Jul-26 | G6: Thursday 02-Jul-26 | H6: Friday 03-Jul-26 | I6: Saturday 04-Jul-26 | J6: Sunday 05-Jul-26 | K6: 37993 | L6: BAG CHIPS REGULAR | M6: CARTON-3000 | N6: 0.04 | O6: 0.05 | P6: 0.06 | Q6: 0.05 | R6: 0.06 | S6: 0.06 | T6: 0.06
A7: Item Code | B7: Item | C7: Unit | D7: Monday 29-Jun-26 | E7: Tuesday 30-Jun-26 | F7: Wednesday 01-Jul-26 | G7: Thursday 02-Jul-26 | H7: Friday 03-Jul-26 | I7: Saturday 04-Jul-26 | J7: Sunday 05-Jul-26 | K7: 37893 | L7: BAG CRUNCHWRAP | M7: CARTON-2000 | N7: 0.05 | O7: 0.04 | P7: 0.05 | Q7: 0.05 | R7: 0.07 | S7: 0.07 | T7: 0.06
A8: Item Code | B8: Item | C8: Unit | D8: Monday 29-Jun-26 | E8: Tuesday 30-Jun-26 | F8: Wednesday 01-Jul-26 | G8: Thursday 02-Jul-26 | H8: Friday 03-Jul-26 | I8: Saturday 04-Jul-26 | J8: Sunday 05-Jul-26 | K8: 37997 | L8: BAG NACHO CHIPS LARGE | M8: CARTON-500 | N8: 0.04 | O8: 0.06 | P8: 0.05 | Q8: 0.04 | R8: 0.07 | S8: 0.05 | T8: 0.08
A9: Item Code | B9: Item | C9: Unit | D9: Monday 29-Jun-26 | E9: Tuesday 30-Jun-26 | F9: Wednesday 01-Jul-26 | G9: Thursday 02-Jul-26 | H9: Friday 03-Jul-26 | I9: Saturday 04-Jul-26 | J9: Sunday 05-Jul-26 | K9: 37991 | L9: BAG TAKEAWAY BROWN LARGE 2 | M9: CARTON-250 | N9: 0.19 | O9: 0.19 | P9: 0.22 | Q9: 0.2 | R9: 0.28 | S9: 0.26 | T9: 0.25
A10: Item Code | B10: Item | C10: Unit | D10: Monday 29-Jun-26 | E10: Tuesday 30-Jun-26 | F10: Wednesday 01-Jul-26 | G10: Thursday 02-Jul-26 | H10: Friday 03-Jul-26 | I10: Saturday 04-Jul-26 | J10: Sunday 05-Jul-26 | K10: 37989 | L10: BAG TAKEAWAY BROWN MEDIUM | M10: CARTON-1000 | N10: 0.21 | O10: 0.21 | P10: 0.24 | Q10: 0.22 | R10: 0.31 | S10: 0.28 | T10: 0.27
A11: Item Code | B11: Item | C11: Unit | D11: Monday 29-Jun-26 | E11: Tuesday 30-Jun-26 | F11: Wednesday 01-Jul-26 | G11: Thursday 02-Jul-26 | H11: Friday 03-Jul-26 | I11: Saturday 04-Jul-26 | J11: Sunday 05-Jul-26 | K11: 37987 | L11: BAG TAKEAWAY BROWN SMALL | M11: CARTON-1000 | N11: 0.05 | O11: 0.05 | P11: 0.06 | Q11: 0.06 | R11: 0.08 | S11: 0.07 | T11: 0.07
A12: Item Code | B12: Item | C12: Unit | D12: Monday 29-Jun-26 | E12: Tuesday 30-Jun-26 | F12: Wednesday 01-Jul-26 | G12: Thursday 02-Jul-26 | H12: Friday 03-Jul-26 | I12: Saturday 04-Jul-26 | J12: Sunday 05-Jul-26 | K12: 37862 | L12: BEANS BLACK COOKED | M12: CARTON-12x1KG | N12: 0.57 | O12: 0.5 | P12: 0.62 | Q12: 0.59 | R12: 0.71 | S12: 0.82 | T12: 0.65
A13: Item Code | B13: Item | C13: Unit | D13: Monday 29-Jun-26 | E13: Tuesday 30-Jun-26 | F13: Wednesday 01-Jul-26 | G13: Thursday 02-Jul-26 | H13: Friday 03-Jul-26 | I13: Saturday 04-Jul-26 | J13: Sunday 05-Jul-26 | K13: 38892 | L13: BIG BELL BOX 2 | M13: CARTON-250 | N13: 0.18 | O13: 0.19 | P13: 0.24 | Q13: 0.2 | R13: 0.27 | S13: 0.2 | T13: 0.24
... A62: Item Code | B62: Item | C62: Unit | D62: Monday 29-Jun-26 | E62: Tuesday 30-Jun-26 | F62: Wednesday 01-Jul-26 | G62: Thursday 02-Jul-26 | H62: Friday 03-Jul-26 | I62: Saturday 04-Jul-26 | J62: Sunday 05-Jul-26 | K62: 20295 | L62: JALAPENO | M62: CARTON-6x2.3KG | N62: 0.01 | O62: 0.01 | P62: 0 | Q62: 0.01 | R62: 0.02 | S62: 0 | T62: 0
A63: Item Code | B63: Item | C63: Unit | D63: Monday 29-Jun-26 | E63: Tuesday 30-Jun-26 | F63: Wednesday 01-Jul-26 | G63: Thursday 02-Jul-26 | H63: Friday 03-Jul-26 | I63: Saturday 04-Jul-26 | J63: Sunday 05-Jul-26 | K63: 39391 | L63: LABELS DELIVERY TB TAMPER PROOF | N63: 0 | O63: 0 | P63: 0 | Q63: 0 | R63: 0 | S63: 0 | T63: 0
A64: Item Code | B64: Item | C64: Unit | D64: Monday 29-Jun-26 | E64: Tuesday 30-Jun-26 | F64: Wednesday 01-Jul-26 | G64: Thursday 02-Jul-26 | H64: Friday 03-Jul-26 | I64: Saturday 04-Jul-26 | J64: Sunday 05-Jul-26 | K64: 38701 | L64: LAVA SAUCE | M64: CARTON-10x1KG | N64: 0.18 | O64: 0.12 | P64: 0.18 | Q64: 0.11 | R64: 0.22 | S64: 0.15 | T64: 0.17
A65: Item Code | B65: Item | C65: Unit | D65: Monday 29-Jun-26 | E65: Tuesday 30-Jun-26 | F65: Wednesday 01-Jul-26 | G65: Thursday 02-Jul-26 | H65: Friday 03-Jul-26 | I65: Saturday 04-Jul-26 | J65: Sunday 05-Jul-26 | K65: 13016 | L65: LETTUCE SHREDDED | M65: CARTON-4X2.5KG | N65: 0.8 | O65: 0.81 | P65: 0.92 | Q65: 0.88 | R65: 1.18 | S65: 1.03 | T65: 1.02
A66: Item Code | B66: Item | C66: Unit | D66: Monday 29-Jun-26 | E66: Tuesday 30-Jun-26 | F66: Wednesday 01-Jul-26 | G66: Thursday 02-Jul-26 | H66: Friday 03-Jul-26 | I66: Saturday 04-Jul-26 | J66: Sunday 05-Jul-26 | K66: 39746 | L66: LID CLEAR 60ML DIPPING CUP | M66: CARTON-1000 | N66: 0.13 | O66: 0.14 | P66: 0.19 | Q66: 0.17 | R66: 0.19 | S66: 0.17 | T66: 0.2
A67: Item Code | B67: Item | C67: Unit | D67: Monday 29-Jun-26 | E67: Tuesday 30-Jun-26 | F67: Wednesday 01-Jul-26 | G67: Thursday 02-Jul-26 | H67: Friday 03-Jul-26 | I67: Saturday 04-Jul-26 | J67: Sunday 05-Jul-26 | K67: 37380 | L67: LID FCB DOME 590 ML CH | M67: CARTON-1000 | N67: 0.01 | O67: 0.01 | P67: 0.01 | Q67: 0.01 | R67: 0.01 | S67: 0.01 | T67: 0.01
A68: Item Code | B68: Item | C68: Unit | D68: Monday 29-Jun-26 | E68: Tuesday 30-Jun-26 | F68: Wednesday 01-Jul-26 | G68: Thursday 02-Jul-26 | H68: Friday 03-Jul-26 | I68: Saturday 04-Jul-26 | J68: Sunday 05-Jul-26 | K68: 13735 | L68: LID POSTMIX | M68: CARTON-1000 | N68: 0.16 | O68: 0.13 | P68: 0.19 | Q68: 0.14 | R68: 0.22 | S68: 0.2 | T68: 0.2
A69: Item Code | B69: Item | C69: Unit | D69: Monday 29-Jun-26 | E69: Tuesday 30-Jun-26 | F69: Wednesday 01-Jul-26 | G69: Thursday 02-Jul-26 | H69: Friday 03-Jul-26 | I69: Saturday 04-Jul-26 | J69: Sunday 05-Jul-26 | K69: 39520 | L69: MEAT BEEF COOKED | M69: CARTON-8x1.85KG | N69: 1.32 | O69: 1.42 | P69: 1.71 | Q69: 1.58 | R69: 1.98 | S69: 1.99 | T69: 1.69
A70: Item Code | B70: Item | C70: Unit | D70: Monday 29-Jun-26 | E70: Tuesday 30-Jun-26 | F70: Wednesday 01-Jul-26 | G70: Thursday 02-Jul-26 | H70: Friday 03-Jul-26 | I70: Saturday 04-Jul-26 | J70: Sunday 05-Jul-26 | K70: 39139 | L70: MEAT CHICKEN COOKED | M70: CARTON-10X600GM | N70: 1.64 | O70: 1.24 | P70: 1.65 | Q70: 1.58 | R70: 2.5 | S70: 1.74 | T70: 1.8
A71: Item Code | B71: Item | C71: Unit | D71: Monday 29-Jun-26 | E71: Tuesday 30-Jun-26 | F71: Wednesday 01-Jul-26 | G71: Thursday 02-Jul-26 | H71: Friday 03-Jul-26 | I71: Saturday 04-Jul-26 | J71: Sunday 05-Jul-26 | K71: 36549 | L71: NAPKINS BROWN RECYCLE | M71: CARTON-12x500 | N71: 0.1 | O71: 0.11 | P71: 0.13 | Q71: 0.12 | R71: 0.16 | S71: 0.14 | T71: 0.14
A72: Item Code | B72: Item | C72: Unit | D72: Monday 29-Jun-26 | E72: Tuesday 30-Jun-26 | F72: Wednesday 01-Jul-26 | G72: Thursday 02-Jul-26 | H72: Friday 03-Jul-26 | I72: Saturday 04-Jul-26 | J72: Sunday 05-Jul-26 | K72: 33312 | L72: OIL FRYING LIQUID CARGILL | M72: CARTON-15KG | N72: 0.51 | O72: 0.51 | P72: 0.58 | Q72: 0.54 | R72: 0.74 | S72: 0.66 | T72: 0.64
A73: Item Code | B73: Item | C73: Unit | D73: Monday 29-Jun-26 | E73: Tuesday 30-Jun-26 | F73: Wednesday 01-Jul-26 | G73: Thursday 02-Jul-26 | H73: Friday 03-Jul-26 | I73: Saturday 04-Jul-26 | J73: Sunday 05-Jul-26 | K73: 15659 | L73: ONION BROWN DICED | M73: CARTON-4x1KG | N73: 0.24 | O73: 0.26 | P73: 0.29 | Q73: 0.32 | R73: 0.39 | S73: 0.37 | T73: 0.33
A74: Item Code | B74: Item | C74: Unit | D74: Monday 29-Jun-26 | E74: Tuesday 30-Jun-26 | F74: Wednesday 01-Jul-26 | G74: Thursday 02-Jul-26 | H74: Friday 03-Jul-26 | I74: Saturday 04-Jul-26 | J74: Sunday 05-Jul-26 | K74: 37915 | L74: RICE LONG GRAIN WHITE | M74: BAG-10KG | N74: 0.35 | O74: 0.29 | P74: 0.37 | Q74: 0.26 | R74: 0.47 | S74: 0.44 | T74: 0.39
A75: Item Code | B75: Item | C75: Unit | D75: Monday 29-Jun-26 | E75: Tuesday 30-Jun-26 | F75: Wednesday 01-Jul-26 | G75: Thursday 02-Jul-26 | H75: Friday 03-Jul-26 | I75: Saturday 04-Jul-26 | J75: Sunday 05-Jul-26 | K75: 38670 | L75: SALAD CORIANDER CHOPPED | M75: BAG-500GM | N75: 0.28 | O75: 0.32 | P75: 0.34 | Q75: 0.38 | R75: 0.46 | S75: 0.44 | T75: 0.4
... A103: Item Code | B103: Item | C103: Unit | D103: Monday 29-Jun-26 | E103: Tuesday 30-Jun-26 | F103: Wednesday 01-Jul-26 | G103: Thursday 02-Jul-26 | H103: Friday 03-Jul-26 | I103: Saturday 04-Jul-26 | J103: Sunday 05-Jul-26 | K103: 37999 | L103: WRAP WASTE WHITE UNPRINTED | M103: CARTON-5x1000 | N103: 0.1 | O103: 0.09 | P103: 0.11 | Q103: 0.1 | R103: 0.14 | S103: 0.13 | T103: 0.12

Sheet ISE Average
A1: 3811 Chirnside Park
C2: ######## | D2: ######## | E2: 46209 | F2: ######## | G2: ######## | J2: ######## | K2: ######## | L2: 46210 | M2: ######## | N2: ######## | Q2: ######## | R2: ######## | S2: 46211 | T2: 46204 | U2: ######## | X2: ######## | Y2: ######## | Z2: 46212 | AA2: 46205 | AB2: ######## | AE2: ######## | AF2: ######## | AG2: ######## | AH2: 46206 | AI2: ######## | AL2: ######## | AM2: ######## | AN2: ######## | AO2: 46207 | AP2: ######## | AS2: ######## | AT2: ######## | AU2: 46208 | AV2: ######## | AW2: ########
C3: Monday | D3: Monday | E3: Monday | F3: Monday | G3: Monday | H3: Average of Mondays | J3: Tuesday | K3: Tuesday | L3: Tuesday | M3: Tuesday | N3: Tuesday | O3: Average of Tuesdays | Q3: Wednesday | R3: Wednesday | S3: Wednesday | T3: Wednesday | U3: Wednesday | V3: Average of Wednesdays | X3: Thursday | Y3: Thursday | Z3: Thursday | AA3: Thursday | AB3: Thursday | AC3: Average of Thursdays | AE3: Friday | AF3: Friday | AG3: Friday | AH3: Friday | AI3: Friday | AJ3: Average of Fridays | AL3: Saturday | AM3: Saturday | AN3: Saturday | AO3: Saturday | AP3: Saturday | AQ3: Average of Saturdays | AS3: Sunday | AT3: Sunday | AU3: Sunday | AV3: Sunday | AW3: Sunday | AX3: Average of Sundays
A4: Item | B4: Description
A5: 100399 | B5: DRINK JUICE APPLE SPRING VALLEY | C5: 0 | D5: 0 | E5: 0.06 | F5: 0.06 | G5: 0 | H5: 0.02 | J5: 0.06 | K5: 0.06 | L5: 0 | M5: 0.11 | N5: 0 | O5: 0.04 | Q5: 0.11 | R5: 0.06 | S5: 0 | T5: 0.22 | U5: 0 | V5: 0.0567 | X5: 0 | Y5: 0.11 | Z5: 0 | AA5: 0.06 | AB5: 0.11 | AC5: 0.0567 | AE5: 0 | AF5: 0.06 | AG5: 0 | AH5: 0.11 | AI5: 0.06 | AJ5: 0.04 | AL5: 0.06 | AM5: 0.28 | AN5: 0.11 | AO5: 0.17 | AP5: 0.06 | AQ5: 0.1133 | AS5: 0.06 | AT5: 0.11 | AU5: 0.06 | AV5: 0.11 | AW5: 0 | AX5: 0.0767
A6: 100400 | B6: DRINK JUICE POP TOP APPLE 250ML | C6: 0 | D6: 0.08 | E6: 0.08 | F6: 0.08 | G6: 0.08 | H6: 0.08 | J6: 0.04 | K6: 0.08 | L6: 0.04 | M6: 0 | N6: 0.08 | O6: 0.0533 | Q6: 0.08 | R6: 0 | S6: 0.04 | T6: 0 | U6: 0.08 | V6: 0.04 | X6: 0.08 | Y6: 0 | Z6: 0.08 | AA6: 0.08 | AB6: 0.04 | AC6: 0.0667 | AE6: 0.13 | AF6: 0.13 | AG6: 0.13 | AH6: 0.17 | AI6: 0.04 | AJ6: 0.13 | AL6: 0.13 | AM6: 0.17 | AN6: 0 | AO6: 0.04 | AP6: 0.08 | AQ6: 0.0833 | AS6: 0.08 | AT6: 0.08 | AU6: 0.04 | AV6: 0.04 | AW6: 0 | AX6: 0.0533
A7: 100401 | B7: DRINK JUICE POP TOP ORANGE 250ML | C7: 0 | D7: 0 | E7: 0.13 | F7: 0 | G7: 0 | H7: 0 | J7: 0.04 | K7: 0 | L7: 0.04 | M7: 0 | N7: 0 | O7: 0.0133 | Q7: 0.04 | R7: 0 | S7: 0.04 | T7: 0 | U7: 0.04 | V7: 0.0267 | X7: 0 | Y7: 0 | Z7: 0.04 | AA7: 0.04 | AB7: 0.04 | AC7: 0.0267 | AE7: 0.04 | AF7: 0.13 | AG7: 0.08 | AH7: 0.08 | AI7: 0.04 | AJ7: 0.0667 | AL7: 0 | AM7: 0 | AN7: 0 | AO7: 0 | AP7: 0.04 | AQ7: 0 | AS7: 0 | AT7: 0 | AU7: 0.04 | AV7: 0 | AW7: 0.04 | AX7: 0.0133
A8: 100402 | B8: DRINK WATER SPARKLING 500ML | C8: 0.04 | D8: 0.08 | E8: 0 | G8: 0.04 | H8: 0.0267 | J8: 0 | K8: 0 | L8: 0.04 | N8: 0.04 | O8: 0.0133 | Q8: 0 | R8: 0.08 | S8: 0.08 | U8: 0 | V8: 0.0267 | X8: 0 | Y8: 0.08 | Z8: 0.08 | AB8: 0.04 | AC8: 0.04 | AE8: 0.17 | AF8: 0.13 | AG8: 0 | AI8: 0 | AJ8: 0.0433 | AL8: 0.08 | AM8: 0 | AN8: 0 | AP8: 0 | AQ8: 0 | AS8: 0 | AT8: 0.04 | AU8: 0.04 | AW8: 0.08 | AX8: 0.0267
A9: 100403 | B9: DRINK RED BULL ED 250ML | C9: 0.13 | D9: 0.04 | E9: 0.13 | F9: 0 | G9: 0.08 | H9: 0.0833 | J9: 0.04 | K9: 0.13 | L9: 0.04 | M9: 0.04 | N9: 0 | O9: 0.04 | Q9: 0.21 | R9: 0.04 | S9: 0.08 | T9: 0.04 | U9: 0 | V9: 0.0533 | X9: 0 | Y9: 0.08 | Z9: 0.08 | AA9: 0.08 | AB9: 0.04 | AC9: 0.0667 | AE9: 0.04 | AF9: 0.04 | AG9: 0 | AH9: 0.25 | AI9: 0 | AJ9: 0.0267 | AL9: 0 | AM9: 0 | AN9: 0.04 | AO9: 0.08 | AP9: 0.13 | AQ9: 0.04 | AS9: 0.04 | AT9: 0.08 | AU9: 0.04 | AV9: 0 | AW9: 0.08 | AX9: 0.0533
A10: 100404 | B10: DRINK RED BULL S/FREE 250ML | C10: 0 | D10: 0 | E10: 0.04 | F10: 0 | G10: 0.04 | H10: 0.0133 | J10: 0 | K10: 0 | L10: 0.04 | M10: 0.04 | N10: 0.04 | O10: 0.0267 | Q10: 0.04 | R10: 0 | S10: 0.04 | T10: 0.04 | U10: 0 | V10: 0.0267 | X10: 0 | Y10: 0 | Z10: 0.04 | AA10: 0.04 | AB10: 0.13 | AC10: 0.0267 | AE10: 0 | AF10: 0.04 | AG10: 0 | AH10: 0 | AI10: 0.04 | AJ10: 0.0133 | AL10: 0 | AM10: 0.08 | AN10: 0.04 | AO10: 0.04 | AP10: 0 | AQ10: 0.0267 | AS10: 0.04 | AT10: 0 | AU10: 0 | AV10: 0.08 | AW10: 0 | AX10: 0.0133
A11: 100405 | B11: DRINK RED BULL TROPICAL 250ML | C11: 0.25 | D11: 0 | E11: 0 | F11: 0 | G11: 0.08 | H11: 0.0267 | J11: 0 | K11: 0.33 | L11: 0 | M11: 0.08 | N11: 0.17 | O11: 0.0833 | Q11: 0.08 | R11: 0.08 | S11: 0.08 | T11: 0.08 | U11: 0 | V11: 0.08 | X11: 0 | Y11: 0 | Z11: 0.17 | AA11: 0.17 | AB11: 0 | AC11: 0.0567 | AE11: 0.08 | AF11: 0 | AG11: 0 | AH11: 0 | AI11: 0.08 | AJ11: 0.0267 | AL11: 0.17 | AM11: 0.08 | AN11: 0.08 | AO11: 0.08 | AP11: 0.08 | AQ11: 0.08 | AS11: 0.08 | AT11: 0.08 | AU11: 0.33 | AV11: 0 | AW11: 0.17 | AX11: 0.11
A12: 100457 | B12: SAUCE FIRE 10X1KG | C12: 0.04 | D12: 0.03 | E12: 0.07 | F12: 0.04 | G12: 0.04 | H12: 0.04 | J12: 0.1 | K12: 0.04 | L12: 0.05 | M12: 0.05 | N12: 0.05 | O12: 0.05 | Q12: 0.07 | R12: 0.06 | S12: 0.05 | T12: 0.06 | U12: 0.02 | V12: 0.0567 | X12: 0.05 | Y12: 0.07 | Z12: 0.1 | AA12: 0.09 | AB12: 0.05 | AC12: 0.07 | AE12: 0.08 | AF12: 0.03 | AG12: 0.09 | AH12: 0.1 | AI12: 0.07 | AJ12: 0.08 | AL12: 0.09 | AM12: 0.08 | AN12: 0.05 | AO12: 0.11 | AP12: 0.05 | AQ12: 0.0733 | AS12: 0.03 | AT12: 0.03 | AU12: 0.04 | AV12: 0.04 | AW12: 0.06 | AX12: 0.0367
A13: 106191 | B13: SAUCE CARAMEL MONIN 1.89L | C13: 0.01 | D13: 0.02 | E13: 0.02 | F13: 0.01 | G13: 0.01 | H13: 0.0133 | J13: 0.02 | K13: 0.03 | L13: 0.04 | M13: 0.02 | N13: 0.01 | O13: 0.0233 | Q13: 0.01 | R13: 0.02 | S13: 0.02 | T13: 0.02 | U13: 0 | V13: 0.0167 | X13: 0.03 | Y13: 0.02 | Z13: 0.01 | AA13: 0.04 | AB13: 0.02 | AC13: 0.0233 | AE13: 0.02 | AF13: 0.02 | AG13: 0.01 | AH13: 0.03 | AI13: 0.03 | AJ13: 0.0233 | AL13: 0.01 | AM13: 0.02 | AN13: 0.02 | AO13: 0 | AP13: 0.05 | AQ13: 0.0167 | AS13: 0.04 | AT13: 0 | AU13: 0.01 | AV13: 0.02 | AW13: 0 | AX13: 0.01
A14: 106431 | B14: 260 x 260mm Baking Paper Golden Silidor | C14: 0.02 | D14: 0.02 | E14: 0.02 | F14: 0.01 | G14: 0.01 | H14: 0.0167 | J14: 0.02 | K14: 0.03 | L14: 0.03 | M14: 0.02 | N14: 0.02 | O14: 0.0233 | Q14: 0.03 | R14: 0.03 | S14: 0.01 | T14: 0.02 | U14: 0.02 | V14: 0.0233 | X14: 0.04 | Y14: 0.02 | Z14: 0.03 | AA14: 0.01 | AB14: 0.02 | AC14: 0.0233 | AE14: 0.03 | AF14: 0.02 | AG14: 0.03 | AH14: 0.04 | AI14: 0.02 | AJ14: 0.0267 | AL14: 0.02 | AM14: 0.02 | AN14: 0.04 | AO14: 0.03 | AP14: 0.02 | AQ14: 0.0233 | AS14: 0.02 | AT14: 0.02 | AU14: 0.03 | AV14: 0.01 | AW14: 0.01 | AX14: 0.0167
A15: 106491 | B15: 4OZ PORTION CUP 50EA | C15: 0.5 | D15: 0.34 | E15: 0.24 | F15: 0.14 | G15: 0.22 | H15: 0.2667 | J15: 0.34 | K15: 0.46 | L15: 0.54 | M15: 0.36 | N15: 0.3 | O15: 0.3867 | Q15: 0.48 | R15: 0.64 | S15: 0.3 | T15: 0.38 | U15: 0.42 | V15: 0.4267 | X15: 0.76 | Y15: 0.5 | Z15: 0.42 | AA15: 0.38 | AB15: 0.42 | AC15: 0.4467 | AE15: 0.54 | AF15: 0.62 | AG15: 0.38 | AH15: 0.6 | AI15: 0.48 | AJ15: 0.54 | AL15: 0.5 | AM15: 0.48 | AN15: 0.48 | AO15: 0.52 | AP15: 0.44 | AQ15: 0.4867 | AS15: 0.42 | AT15: 0.42 | AU15: 0.66 | AV15: 0.34 | AW15: 0.32 | AX15: 0.3933
A16: 106551 | B16: 4OZ PORTION CUP LID 50EA | C16: 0.5 | D16: 0.34 | E16: 0.24 | F16: 0.14 | G16: 0.22 | H16: 0.2667 | J16: 0.34 | K16: 0.46 | L16: 0.54 | M16: 0.36 | N16: 0.3 | O16: 0.3867 | Q16: 0.48 | R16: 0.64 | S16: 0.3 | T16: 0.38 | U16: 0.42 | V16: 0.4267 | X16: 0.76 | Y16: 0.5 | Z16: 0.42 | AA16: 0.38 | AB16: 0.42 | AC16: 0.4467 | AE16: 0.54 | AF16: 0.62 | AG16: 0.38 | AH16: 0.6 | AI16: 0.48 | AJ16: 0.54 | AL16: 0.5 | AM16: 0.48 | AN16: 0.48 | AO16: 0.52 | AP16: 0.44 | AQ16: 0.4867 | AS16: 0.42 | AT16: 0.42 | AU16: 0.66 | AV16: 0.34 | AW16: 0.32 | AX16: 0.3933
A17: 11172 | B17: DESSERT CHOCETTES | C17: 0.07 | D17: 0.08 | E17: 0.1 | F17: 0.05 | G17: 0.06 | H17: 0.07 | J17: 0.09 | K17: 0.06 | L17: 0.04 | M17: 0.05 | N17: 0.06 | O17: 0.0567 | Q17: 0.03 | R17: 0.04 | S17: 0.03 | T17: 0.06 | U17: 0.03 | V17: 0.0333 | X17: 0.09 | Y17: 0.1 | Z17: 0.08 | AA17: 0.09 | AB17: 0.06 | AC17: 0.0867 | AE17: 0.12 | AF17: 0.06 | AG17: 0.07 | AH17: 0.06 | AI17: 0.07 | AJ17: 0.0667 | AL17: 0.06 | AM17: 0.07 | AN17: 0.07 | AO17: 0.17 | AP17: 0.13 | AQ17: 0.09 | AS17: 0.07 | AT17: 0.02 | AU17: 0.07 | AV17: 0.02 | AW17: 0.04 | AX17: 0.0433
A18: 12128 | B18: DRINK PEPSI MAX 600ML | C18: 0.13 | D18: 0.13 | E18: 0.21 | F18: 0.21 | G18: 0.17 | H18: 0.17 | J18: 0.38 | K18: 0.33 | L18: 0.54 | M18: 0.29 | N18: 0.21 | O18: 0.3333 | Q18: 0.25 | R18: 0.13 | S18: 0.29 | T18: 0.38 | U18: 0.25 | V18: 0.2633 | X18: 0.46 | Y18: 0.54 | Z18: 0.46 | AA18: 0.42 | AB18: 0.38 | AC18: 0.4467 | AE18: 0.38 | AF18: 0.25 | AG18: 0.42 | AH18: 0.38 | AI18: 0.29 | AJ18: 0.35 | AL18: 0.42 | AM18: 0.58 | AN18: 0.33 | AO18: 0.58 | AP18: 0.29 | AQ18: 0.4433 | AS18: 0.13 | AT18: 0.21 | AU18: 0.46 | AV18: 0.25 | AW18: 0.13 | AX18: 0.1967
A19: 12150 | B19: DRINK PEPSI CAN | C19: 0.1 | D19: 0.07 | E19: 0.07 | F19: 0.03 | G19: 0.07 | H19: 0.07 | J19: 0.1 | K19: 0.07 | L19: 0.1 | M19: 0 | N19: 0.03 | O19: 0.0667 | Q19: 0.13 | R19: 0.13 | S19: 0.13 | T19: 0 | U19: 0.1 | V19: 0.12 | X19: 0.13 | Y19: 0.17 | Z19: 0.07 | AA19: 0.07 | AB19: 0.1 | AC19: 0.1 | AE19: 0.1 | AF19: 0.07 | AG19: 0.07 | AH19: 0.13 | AI19: 0.1 | AJ19: 0.09 | AL19: 0.03 | AM19: 0.03 | AN19: 0.1 | AO19: 0.13 | AP19: 0.03 | AQ19: 0.0533 | AS19: 0.1 | AT19: 0.03 | AU19: 0.13 | AV19: 0.03 | AW19: 0.03 | AX19: 0.0533
A20: 12151 | B20: DRINK PEPSI POST MIX | C20: 0.39 | D20: 0.54 | E20: 0.37 | F20: 0.36 | G20: 0.42 | H20: 0.3933 | J20: 0.46 | K20: 0.46 | L20: 0.69 | M20: 0.4 | N20: 0.51 | O20: 0.4767 | Q20: 0.42 | R20: 0.52 | S20: 0.4 | T20: 0.59 | U20: 0.4 | V20: 0.4467 | X20: 0.84 | Y20: 0.71 | Z20: 0.67 | AA20: 0.5 | AB20: 0.63 | AC20: 0.67 | AE20: 0.72 | AF20: 0.63 | AG20: 0.68 | AH20: 0.58 | AI20: 0.78 | AJ20: 0.6767 | AL20: 0.62 | AM20: 0.54 | AN20: 0.65 | AO20: 0.65 | AP20: 0.62 | AQ20: 0.63 | AS20: 0.5 | AT20: 0.54 | AU20: 0.54 | AV20: 0.33 | AW20: 0.36 | AX20: 0.4667
... A105: 40303 | B105: CHICKEN CRISPY | C105: 0.37 | D105: 0.33 | E105: 0.42 | F105: 0.27 | G105: 0.36 | H105: 0.3533 | J105: 0.41 | K105: 0.41 | L105: 0.37 | M105: 0.46 | N105: 0.3 | O105: 0.3967 | Q105: 0.38 | R105: 0.5 | S105: 0.35 | T105: 0.52 | U105: 0.35 | V105: 0.41 | X105: 0.49 | Y105: 0.44 | Z105: 0.5 | AA105: 0.58 | AB105: 0.44 | AC105: 0.4767 | AE105: 0.44 | AF105: 0.49 | AG105: 0.44 | AH105: 0.43 | AI105: 0.54 | AJ105: 0.4567 | AL105: 0.5 | AM105: 0.45 | AN105: 0.66 | AO105: 0.45 | AP105: 0.39 | AQ105: 0.4667 | AS105: 0.38 | AT105: 0.33 | AU105: 0.39 | AV105: 0.29 | AW105: 0.3 | AX105: 0.3367

Sheet Calculations
B5: =SUM(C35:I36) -> 47933.808 | C5: Macromatix Hour by Hour | K5: Hourly Sales % of Daily Total | T5: Cartons
C6: Monday | D6: Tuesday | E6: Wednesday | F6: Thursday | G6: Friday | H6: Saturday | I6: Sunday | K6: Hour | L6: Mon | M6: Tue | N6: Wed | O6: Thu | P6: Fri | Q6: Sat | R6: Sun | T6: Item | U6: Mon | V6: Tue | W6: Wed | X6: Thu | Y6: Fri | Z6: Sat | AA6: Sun
B7: LUNCH | C7: =SUM(C8:C12) -> 1679.364 | D7: =SUM(D8:D12) -> 1748.87 | E7: =SUM(E8:E12) -> 1901.356 | F7: =SUM(F8:F12) -> 1756.914 | G7: =SUM(G8:G12) -> 1935.928 | H7: =SUM(H8:H12) -> 2458.99 | I7: =SUM(I8:I12) -> 2645.636 | K7: =B7 -> LUNCH | L7: =IFERROR(C7/C$24,0) -> 0.37042337 | M7: =IFERROR(D7/D$24,0) -> 0.37665026 | N7: =IFERROR(E7/E$24,0) -> 0.36077547 | O7: =IFERROR(F7/F$24,0) -> 0.32447164 | P7: =IFERROR(G7/G$24,0) -> 0.27397963 | Q7: =IFERROR(H7/H$24,0) -> 0.34744885 | R7: =IFERROR(I7/I$24,0) -> 0.42023439 | T7: MEAT BEEF COOKED | U7: {=AVERAGE(INDEX('ISE Average'!$C$5:$G$105,MATCH(TRIM($T7),INDEX(TRIM('ISE Average'!$B$5:$B$105),0),0),0))} -> 1.314 | V7: {=AVERAGE(INDEX('ISE Average'!$J$5:$N$105,MATCH(TRIM($T7),INDEX(TRIM('ISE Average'!$B$5:$B$105),0),0),0))} -> 1.428 | W7: {=AVERAGE(INDEX('ISE Average'!$Q$5:$U$105,MATCH(TRIM($T7),INDEX(TRIM('ISE Average'!$B$5:$B$105),0),0),0))} -> 1.46 | X7: {=AVERAGE(INDEX('ISE Average'!$X$5:$AB$105,MATCH(TRIM($T7),INDEX(TRIM('ISE Average'!$B$5:$B$105),0),0),0))} -> 1.904 | Y7: {=AVERAGE(INDEX('ISE Average'!$AE$5:$AI$105,MATCH(TRIM($T7),INDEX(TRIM('ISE Average'!$B$5:$B$105),0),0),0))} -> 1.948 | Z7: {=AVERAGE(INDEX('ISE Average'!$AL$5:$AQ$105,MATCH(TRIM($T7),INDEX(TRIM('ISE Average'!$B$5:$B$105),0),0),0))} -> 1.7116667 | AA7: {=AVERAGE(INDEX('ISE Average'!$AS$5:$AW$105,MATCH(TRIM($T7),INDEX(TRIM('ISE Average'!$B$5:$B$105),0),0),0))} -> 1.21
B8: 0.41666667 | C8: =AVERAGE(Sales!B17:F17) -> 106.952 | D8: =AVERAGE(Sales!H17:L17) -> 127.838 | E8: =AVERAGE(Sales!N17:R17) -> 144.856 | F8: =AVERAGE(Sales!T17:X17) -> 152.886 | G8: =AVERAGE(Sales!Z17:AD17) -> 105.056 | H8: =AVERAGE(Sales!AF17:AJ17) -> 157.872 | I8: =AVERAGE(Sales!AL17:AP17) -> 240.578 | J8: //10-11 | K8: =B8 -> 0.41666667 | L8: =IFERROR(C8/C$24,0) -> 0.023590788 | M8: =IFERROR(D8/D$24,0) -> 0.027532187 | N8: =IFERROR(E8/E$24,0) -> 0.027485906 | O8: =IFERROR(F8/F$24,0) -> 0.028235401 | P8: =IFERROR(G8/G$24,0) -> 0.01486791 | Q8: =IFERROR(H8/H$24,0) -> 0.0223069 | R8: =IFERROR(I8/I$24,0) -> 0.038213552 | T8: MEAT CHICKEN COOKED | U8: {=AVERAGE(INDEX('ISE Average'!$C$5:$G$105,MATCH(TRIM($T8),INDEX(TRIM('ISE Average'!$B$5:$B$105),0),0),0))} -> 1.232 | V8: {=AVERAGE(INDEX('ISE Average'!$J$5:$N$105,MATCH(TRIM($T8),INDEX(TRIM('ISE Average'!$B$5:$B$105),0),0),0))} -> 1.48 | W8: {=AVERAGE(INDEX('ISE Average'!$Q$5:$U$105,MATCH(TRIM($T8),INDEX(TRIM('ISE Average'!$B$5:$B$105),0),0),0))} -> 1.56 | X8: {=AVERAGE(INDEX('ISE Average'!$X$5:$AB$105,MATCH(TRIM($T8),INDEX(TRIM('ISE Average'!$B$5:$B$105),0),0),0))} -> 2.192 | Y8: {=AVERAGE(INDEX('ISE Average'!$AE$5:$AI$105,MATCH(TRIM($T8),INDEX(TRIM('ISE Average'!$B$5:$B$105),0),0),0))} -> 2.152 | Z8: {=AVERAGE(INDEX('ISE Average'!$AL$5:$AQ$105,MATCH(TRIM($T8),INDEX(TRIM('ISE Average'!$B$5:$B$105),0),0),0))} -> 1.9666667 | AA8: {=AVERAGE(INDEX('ISE Average'!$AS$5:$AW$105,MATCH(TRIM($T8),INDEX(TRIM('ISE Average'!$B$5:$B$105),0),0),0))} -> 1.28
B9: 0.45833333 | C9: =AVERAGE(Sales!B18:F18) -> 266.598 | D9: =AVERAGE(Sales!H18:L18) -> 327.322 | E9: =AVERAGE(Sales!N18:R18) -> 355.57 | F9: =AVERAGE(Sales!T18:X18) -> 255.468 | G9: =AVERAGE(Sales!Z18:AD18) -> 288.53 | H9: =AVERAGE(Sales!AF18:AJ18) -> 374.696 | I9: =AVERAGE(Sales!AL18:AP18) -> 379.852 | J9: //11-12 | K9: =B9 -> 0.45833333 | L9: =IFERROR(C9/C$24,0) -> 0.058804482 | M9: =IFERROR(D9/D$24,0) -> 0.070494614 | N9: =IFERROR(E9/E$24,0) -> 0.06746813 | O9: =IFERROR(F9/F$24,0) -> 0.047180523 | P9: =IFERROR(G9/G$24,0) -> 0.040833823 | Q9: =IFERROR(H9/H$24,0) -> 0.052943564 | R9: =IFERROR(I9/I$24,0) -> 0.060335916 | T9: BEANS BLACK COOKED | U9: {=AVERAGE(INDEX('ISE Average'!$C$5:$G$105,MATCH(TRIM($T9),INDEX(TRIM('ISE Average'!$B$5:$B$105),0),0),0))} -> 0.498 | V9: {=AVERAGE(INDEX('ISE Average'!$J$5:$N$105,MATCH(TRIM($T9),INDEX(TRIM('ISE Average'!$B$5:$B$105),0),0),0))} -> 0.576 | W9: {=AVERAGE(INDEX('ISE Average'!$Q$5:$U$105,MATCH(TRIM($T9),INDEX(TRIM('ISE Average'!$B$5:$B$105),0),0),0))} -> 0.532 | X9: {=AVERAGE(INDEX('ISE Average'!$X$5:$AB$105,MATCH(TRIM($T9),INDEX(TRIM('ISE Average'!$B$5:$B$105),0),0),0))} -> 0.804 | Y9: {=AVERAGE(INDEX('ISE Average'!$AE$5:$AI$105,MATCH(TRIM($T9),INDEX(TRIM('ISE Average'!$B$5:$B$105),0),0),0))} -> 0.752 | Z9: {=AVERAGE(INDEX('ISE Average'!$AL$5:$AQ$105,MATCH(TRIM($T9),INDEX(TRIM('ISE Average'!$B$5:$B$105),0),0),0))} -> 0.62111667 | AA9: {=AVERAGE(INDEX('ISE Average'!$AS$5:$AW$105,MATCH(TRIM($T9),INDEX(TRIM('ISE Average'!$B$5:$B$105),0),0),0))} -> 0.538
B10: 0.5 | C10: =AVERAGE(Sales!B19:F19) -> 465.768 | D10: =AVERAGE(Sales!H19:L19) -> 486.81 | E10: =AVERAGE(Sales!N19:R19) -> 603.452 | F10: =AVERAGE(Sales!T19:X19) -> 560.954 | G10: =AVERAGE(Sales!Z19:AD19) -> 653.26 | H10: =AVERAGE(Sales!AF19:AJ19) -> 580.09 | I10: =AVERAGE(Sales!AL19:AP19) -> 682.186 | J10: //12-1 | K10: =B10 -> 0.5 | L10: =IFERROR(C10/C$24,0) -> 0.10273613 | M10: =IFERROR(D10/D$24,0) -> 0.10484319 | N10: =IFERROR(E10/E$24,0) -> 0.11450285 | O10: =IFERROR(F10/F$24,0) -> 0.10359851 | P10: =IFERROR(G10/G$24,0) -> 0.09245175 | Q10: =IFERROR(H10/H$24,0) -> 0.081965198 | R10: =IFERROR(I10/I$24,0) -> 0.10835883 | T10: SAUCE NACHO CHEESE | U10: {=AVERAGE(INDEX('ISE Average'!$C$5:$G$105,MATCH(TRIM($T10),INDEX(TRIM('ISE Average'!$B$5:$B$105),0),0),0))} -> 0.818 | V10: {=AVERAGE(INDEX('ISE Average'!$J$5:$N$105,MATCH(TRIM($T10),INDEX(TRIM('ISE Average'!$B$5:$B$105),0),0),0))} -> 0.948 | W10: {=AVERAGE(INDEX('ISE Average'!$Q$5:$U$105,MATCH(TRIM($T10),INDEX(TRIM('ISE Average'!$B$5:$B$105),0),0),0))} -> 0.95 | X10: {=AVERAGE(INDEX('ISE Average'!$X$5:$AB$105,MATCH(TRIM($T10),INDEX(TRIM('ISE Average'!$B$5:$B$105),0),0),0))} -> 1.25 | Y10: {=AVERAGE(INDEX('ISE Average'!$AE$5:$AI$105,MATCH(TRIM($T10),INDEX(TRIM('ISE Average'!$B$5:$B$105),0),0),0))} -> 1.186 | Z10: {=AVERAGE(INDEX('ISE Average'!$AL$5:$AQ$105,MATCH(TRIM($T10),INDEX(TRIM('ISE Average'!$B$5:$B$105),0),0),0))} -> 1.1411167 | AA10: {=AVERAGE(INDEX('ISE Average'!$AS$5:$AW$105,MATCH(TRIM($T10),INDEX(TRIM('ISE Average'!$B$5:$B$105),0),0),0))} -> 0.782
B11: 0.54166667 | C11: =AVERAGE(Sales!B20:F20) -> 500.514 | D11: =AVERAGE(Sales!H20:L20) -> 474.03 | E11: =AVERAGE(Sales!N20:R20) -> 474.086 | F11: =AVERAGE(Sales!T20:X20) -> 526.818 | G11: =AVERAGE(Sales!Z20:AD20) -> 501.21 | H11: =AVERAGE(Sales!AF20:AJ20) -> 689.032 | I11: =AVERAGE(Sales!AL20:AP20) -> 768.818 | J11: //1-2 | K11: =B11 -> 0.54166667 | L11: =IFERROR(C11/C$24,0) -> 0.11040018 | M11: =IFERROR(D11/D$24,0) -> 0.10209079 | N11: =IFERROR(E11/E$24,0) -> 0.089956115 | O11: =IFERROR(F11/F$24,0) -> 0.097294177 | P11: =IFERROR(G11/G$24,0) -> 0.070933077 | Q11: =IFERROR(H11/H$24,0) -> 0.097358417 | R11: =IFERROR(I11/I$24,0) -> 0.12211951 | T11: TB MEXICAN RICE (FINISHED PRODUCT) | U11: {=AVERAGE(INDEX('ISE Average'!$C$5:$G$105,MATCH(TRIM($T11),INDEX(TRIM('ISE Average'!$B$5:$B$105),0),0),0))} -> 5841.1 | V11: {=AVERAGE(INDEX('ISE Average'!$J$5:$N$105,MATCH(TRIM($T11),INDEX(TRIM('ISE Average'!$B$5:$B$105),0),0),0))} -> 6235.9 | W11: {=AVERAGE(INDEX('ISE Average'!$Q$5:$U$105,MATCH(TRIM($T11),INDEX(TRIM('ISE Average'!$B$5:$B$105),0),0),0))} -> 6118.5 | X11: {=AVERAGE(INDEX('ISE Average'!$X$5:$AB$105,MATCH(TRIM($T11),INDEX(TRIM('ISE Average'!$B$5:$B$105),0),0),0))} -> 8464.6 | Y11: {=AVERAGE(INDEX('ISE Average'!$AE$5:$AI$105,MATCH(TRIM($T11),INDEX(TRIM('ISE Average'!$B$5:$B$105),0),0),0))} -> 9060.8 | Z11: {=AVERAGE(INDEX('ISE Average'!$AL$5:$AQ$105,MATCH(TRIM($T11),INDEX(TRIM('ISE Average'!$B$5:$B$105),0),0),0))} -> 6617.7778 | AA11: {=AVERAGE(INDEX('ISE Average'!$AS$5:$AW$105,MATCH(TRIM($T11),INDEX(TRIM('ISE Average'!$B$5:$B$105),0),0),0))} -> 5631.9
B12: 0.58333333 | C12: =AVERAGE(Sales!B21:F21) -> 339.532 | D12: =AVERAGE(Sales!H21:L21) -> 332.87 | E12: =AVERAGE(Sales!N21:R21) -> 323.392 | F12: =AVERAGE(Sales!T21:X21) -> 260.788 | G12: =AVERAGE(Sales!Z21:AD21) -> 387.872 | H12: =AVERAGE(Sales!AF21:AJ21) -> 657.3 | I12: =AVERAGE(Sales!AL21:AP21) -> 574.202 | J12: //2-3 | K12: =B12 -> 0.58333333 | L12: =IFERROR(C12/C$24,0) -> 0.074891798 | M12: =IFERROR(D12/D$24,0) -> 0.071689474 | N12: =IFERROR(E12/E$24,0) -> 0.06136247 | O12: =IFERROR(F12/F$24,0) -> 0.048163035 | P12: =IFERROR(G12/G$24,0) -> 0.054893068 | Q12: =IFERROR(H12/H$24,0) -> 0.092874769 | R12: =IFERROR(I12/I$24,0) -> 0.091206585 | U12: {=IF($T12="","",_xlfn.XLOOKUP(TRIM($T12),ISE!$L:$L,INDEX(ISE!$N:$T,0,COLUMN()-COLUMN($U$1)+1),""))} | V12: {=IF($T12="","",_xlfn.XLOOKUP(TRIM($T12),ISE!$L:$L,INDEX(ISE!$N:$T,0,COLUMN()-COLUMN($U$1)+1),""))} | W12: {=IF($T12="","",_xlfn.XLOOKUP(TRIM($T12),ISE!$L:$L,INDEX(ISE!$N:$T,0,COLUMN()-COLUMN($U$1)+1),""))} | X12: {=IF($T12="","",_xlfn.XLOOKUP(TRIM($T12),ISE!$L:$L,INDEX(ISE!$N:$T,0,COLUMN()-COLUMN($U$1)+1),""))} | Y12: {=IF($T12="","",_xlfn.XLOOKUP(TRIM($T12),ISE!$L:$L,INDEX(ISE!$N:$T,0,COLUMN()-COLUMN($U$1)+1),""))} | Z12: {=IF($T12="","",_xlfn.XLOOKUP(TRIM($T12),ISE!$L:$L,INDEX(ISE!$N:$T,0,COLUMN()-COLUMN($U$1)+1),""))} | AA12: {=IF($T12="","",_xlfn.XLOOKUP(TRIM($T12),ISE!$L:$L,INDEX(ISE!$N:$T,0,COLUMN()-COLUMN($U$1)+1),""))}
B13: DINNER | C13: =SUM(C14:C20) -> 2854.27 | D13: =SUM(D14:D20) -> 2894.35 | E13: =SUM(E14:E20) -> 3368.836 | F13: =SUM(F14:F20) -> 3657.778 | G13: =SUM(G14:G20) -> 5130.028 | H13: =SUM(H14:H20) -> 4618.282 | I13: =SUM(I14:I20) -> 3649.984 | K13: =B13 -> DINNER | L13: =IFERROR(C13/C$24,0) -> 0.62957663 | M13: =IFERROR(D13/D$24,0) -> 0.62334974 | N13: =IFERROR(E13/E$24,0) -> 0.63922453 | O13: =IFERROR(F13/F$24,0) -> 0.67552836 | P13: =IFERROR(G13/G$24,0) -> 0.72602037 | Q13: =IFERROR(H13/H$24,0) -> 0.65255115 | R13: =IFERROR(I13/I$24,0) -> 0.57976561 | U13: {=IF($T13="","",_xlfn.XLOOKUP(TRIM($T13),ISE!$L:$L,INDEX(ISE!$N:$T,0,COLUMN()-COLUMN($U$1)+1),""))} | V13: {=IF($T13="","",_xlfn.XLOOKUP(TRIM($T13),ISE!$L:$L,INDEX(ISE!$N:$T,0,COLUMN()-COLUMN($U$1)+1),""))} | W13: {=IF($T13="","",_xlfn.XLOOKUP(TRIM($T13),ISE!$L:$L,INDEX(ISE!$N:$T,0,COLUMN()-COLUMN($U$1)+1),""))} | X13: {=IF($T13="","",_xlfn.XLOOKUP(TRIM($T13),ISE!$L:$L,INDEX(ISE!$N:$T,0,COLUMN()-COLUMN($U$1)+1),""))} | Y13: {=IF($T13="","",_xlfn.XLOOKUP(TRIM($T13),ISE!$L:$L,INDEX(ISE!$N:$T,0,COLUMN()-COLUMN($U$1)+1),""))} | Z13: {=IF($T13="","",_xlfn.XLOOKUP(TRIM($T13),ISE!$L:$L,INDEX(ISE!$N:$T,0,COLUMN()-COLUMN($U$1)+1),""))} | AA13: {=IF($T13="","",_xlfn.XLOOKUP(TRIM($T13),ISE!$L:$L,INDEX(ISE!$N:$T,0,COLUMN()-COLUMN($U$1)+1),""))}
B14: 0.625 | C14: =AVERAGE(Sales!B22:F22) -> 292.466 | D14: =AVERAGE(Sales!H22:L22) -> 238.394 | E14: =AVERAGE(Sales!N22:R22) -> 290.972 | F14: =AVERAGE(Sales!T22:X22) -> 327.008 | G14: =AVERAGE(Sales!Z22:AD22) -> 325.37 | H14: =AVERAGE(Sales!AF22:AJ22) -> 512.026 | I14: =AVERAGE(Sales!AL22:AP22) -> 442.856 | J14: //3-4 | K14: =B14 -> 0.625 | L14: =IFERROR(C14/C$24,0) -> 0.06451028 | M14: =IFERROR(D14/D$24,0) -> 0.051342387 | N14: =IFERROR(E14/E$24,0) -> 0.055210892 | O14: =IFERROR(F14/F$24,0) -> 0.060392724 | P14: =IFERROR(G14/G$24,0) -> 0.046047555 | Q14: =IFERROR(H14/H$24,0) -> 0.072347933 | R14: =IFERROR(I14/I$24,0) -> 0.070343509 | U14: {=IF($T14="","",_xlfn.XLOOKUP(TRIM($T14),ISE!$L:$L,INDEX(ISE!$N:$T,0,COLUMN()-COLUMN($U$1)+1),""))} | V14: {=IF($T14="","",_xlfn.XLOOKUP(TRIM($T14),ISE!$L:$L,INDEX(ISE!$N:$T,0,COLUMN()-COLUMN($U$1)+1),""))} | W14: {=IF($T14="","",_xlfn.XLOOKUP(TRIM($T14),ISE!$L:$L,INDEX(ISE!$N:$T,0,COLUMN()-COLUMN($U$1)+1),""))} | X14: {=IF($T14="","",_xlfn.XLOOKUP(TRIM($T14),ISE!$L:$L,INDEX(ISE!$N:$T,0,COLUMN()-COLUMN($U$1)+1),""))} | Y14: {=IF($T14="","",_xlfn.XLOOKUP(TRIM($T14),ISE!$L:$L,INDEX(ISE!$N:$T,0,COLUMN()-COLUMN($U$1)+1),""))} | Z14: {=IF($T14="","",_xlfn.XLOOKUP(TRIM($T14),ISE!$L:$L,INDEX(ISE!$N:$T,0,COLUMN()-COLUMN($U$1)+1),""))} | AA14: {=IF($T14="","",_xlfn.XLOOKUP(TRIM($T14),ISE!$L:$L,INDEX(ISE!$N:$T,0,COLUMN()-COLUMN($U$1)+1),""))}
B15: 0.66666667 | C15: =AVERAGE(Sales!B23:F23) -> 284.476 | D15: =AVERAGE(Sales!H23:L23) -> 314.844 | E15: =AVERAGE(Sales!N23:R23) -> 366.854 | F15: =AVERAGE(Sales!T23:X23) -> 339.788 | G15: =AVERAGE(Sales!Z23:AD23) -> 307.286 | H15: =AVERAGE(Sales!AF23:AJ23) -> 414.248 | I15: =AVERAGE(Sales!AL23:AP23) -> 503.638 | J15: //4-5 | K15: =B15 -> 0.66666667 | L15: =IFERROR(C15/C$24,0) -> 0.062747897 | M15: =IFERROR(D15/D$24,0) -> 0.067807254 | N15: =IFERROR(E15/E$24,0) -> 0.069609229 | O15: =IFERROR(F15/F$24,0) -> 0.062752969 | P15: =IFERROR(G15/G$24,0) -> 0.043488241 | Q15: =IFERROR(H15/H$24,0) -> 0.058532158 | R15: =IFERROR(I15/I$24,0) -> 0.079998157 | T15: Inners
B16: 0.70833333 | C16: =AVERAGE(Sales!B24:F24) -> 459.788 | D16: =AVERAGE(Sales!H24:L24) -> 489.498 | E16: =AVERAGE(Sales!N24:R24) -> 559.686 | F16: =AVERAGE(Sales!T24:X24) -> 623.232 | G16: =AVERAGE(Sales!Z24:AD24) -> 934.354 | H16: =AVERAGE(Sales!AF24:AJ24) -> 929.874 | I16: =AVERAGE(Sales!AL24:AP24) -> 712.568 | J16: //5-6 | K16: =B16 -> 0.70833333 | L16: =IFERROR(C16/C$24,0) -> 0.1014171 | M16: =IFERROR(D16/D$24,0) -> 0.1054221 | N16: =IFERROR(E16/E$24,0) -> 0.10619841 | O16: =IFERROR(F16/F$24,0) -> 0.11510018 | P16: =IFERROR(G16/G$24,0) -> 0.1322332 | Q16: =IFERROR(H16/H$24,0) -> 0.13138876 | R16: =IFERROR(I16/I$24,0) -> 0.11318472 | T16: Item | U16: Mon | V16: Tue | W16: Wed | X16: Thu | Y16: Fri | Z16: Sat | AA16: Sun
B17: 0.75 | C17: =AVERAGE(Sales!B25:F25) -> 750.376 | D17: =AVERAGE(Sales!H25:L25) -> 632.746 | E17: =AVERAGE(Sales!N25:R25) -> 851.578 | F17: =AVERAGE(Sales!T25:X25) -> 889.662 | G17: =AVERAGE(Sales!Z25:AD25) -> 1446.636 | H17: =AVERAGE(Sales!AF25:AJ25) -> 1044.176 | I17: =AVERAGE(Sales!AL25:AP25) -> 853.622 | J17: //6-7 | K17: =B17 -> 0.75 | L17: =IFERROR(C17/C$24,0) -> 0.16551314 | M17: =IFERROR(D17/D$24,0) -> 0.1362731 | N17: =IFERROR(E17/E$24,0) -> 0.16158387 | O17: =IFERROR(F17/F$24,0) -> 0.16430519 | P17: =IFERROR(G17/G$24,0) -> 0.20473323 | Q17: =IFERROR(H17/H$24,0) -> 0.14753933 | R17: =IFERROR(I17/I$24,0) -> 0.13558982 | T17: MEAT BEEF COOKED | U17: =U7*8 -> 10.512 | V17: =V7*8 -> 11.424 | W17: =W7*8 -> 11.68 | X17: =X7*8 -> 15.232 | Y17: =Y7*8 -> 15.584 | Z17: =Z7*8 -> 13.693333 | AA17: =AA7*8 -> 9.68
B18: 0.79166667 | C18: =AVERAGE(Sales!B26:F26) -> 553.476 | D18: =AVERAGE(Sales!H26:L26) -> 499.608 | E18: =AVERAGE(Sales!N26:R26) -> 669.778 | F18: =AVERAGE(Sales!T26:X26) -> 685.382 | G18: =AVERAGE(Sales!Z26:AD26) -> 1172.28 | H18: =AVERAGE(Sales!AF26:AJ26) -> 924.06 | I18: =AVERAGE(Sales!AL26:AP26) -> 627.406 | J18: //7-8 | K18: =B18 -> 0.79166667 | L18: =IFERROR(C18/C$24,0) -> 0.1220822 | M18: =IFERROR(D18/D$24,0) -> 0.10759947 | N18: =IFERROR(E18/E$24,0) -> 0.12708797 | O18: =IFERROR(F18/F$24,0) -> 0.12657821 | P18: =IFERROR(G18/G$24,0) -> 0.16590536 | Q18: =IFERROR(H18/H$24,0) -> 0.13056726 | R18: =IFERROR(I18/I$24,0) -> 0.09965754 | T18: MEAT CHICKEN COOKED | U18: =U8*12 -> 14.784 | V18: =V8*10 -> 14.8 | W18: =W8*10 -> 15.6 | X18: =X8*10 -> 21.92 | Y18: =Y8*10 -> 21.52 | Z18: =Z8*10 -> 19.666667 | AA18: =AA8*10 -> 12.8
B19: 0.83333333 | C19: =AVERAGE(Sales!B27:F27) -> 330.166 | D19: =AVERAGE(Sales!H27:L27) -> 432.582 | E19: =AVERAGE(Sales!N27:R27) -> 408.894 | F19: =AVERAGE(Sales!T27:X27) -> 453.13 | G19: =AVERAGE(Sales!Z27:AD27) -> 624.606 | H19: =AVERAGE(Sales!AF27:AJ27) -> 552.328 | I19: =AVERAGE(Sales!AL27:AP27) -> 392.03 | J19: //8-9 | K19: =B19 -> 0.83333333 | L19: =IFERROR(C19/C$24,0) -> 0.072825905 | M19: =IFERROR(D19/D$24,0) -> 0.093164227 | N19: =IFERROR(E19/E$24,0) -> 0.077586168 | O19: =IFERROR(F19/F$24,0) -> 0.083685277 | P19: =IFERROR(G19/G$24,0) -> 0.088396531 | Q19: =IFERROR(H19/H$24,0) -> 0.0780425 | R19: =IFERROR(I19/I$24,0) -> 0.062270277 | T19: BEANS BLACK COOKED | U19: =U9*10 -> 4.98 | V19: =V9*12 -> 6.912 | W19: =W9*12 -> 6.384 | X19: =X9*12 -> 9.648 | Y19: =Y9*12 -> 9.024 | Z19: =Z9*12 -> 7.4534 | AA19: =AA9*12 -> 6.456
B20: 0.875 | C20: =AVERAGE(Sales!B28:F28) -> 183.522 | D20: =AVERAGE(Sales!H28:L28) -> 286.678 | E20: =AVERAGE(Sales!N28:R28) -> 221.074 | F20: =AVERAGE(Sales!T28:X28) -> 339.576 | G20: =AVERAGE(Sales!Z28:AD28) -> 319.496 | H20: =AVERAGE(Sales!AF28:AJ28) -> 241.57 | I20: =AVERAGE(Sales!AL28:AP28) -> 117.864 | J20: //9-10 | K20: =B20 -> 0.875 | L20: =IFERROR(C20/C$24,0) -> 0.040480109 | M20: =IFERROR(D20/D$24,0) -> 0.061741205 | N20: =IFERROR(E20/E$24,0) -> 0.041947997 | O20: =IFERROR(F20/F$24,0) -> 0.062713816 | P20: =IFERROR(G20/G$24,0) -> 0.045216245 | Q20: =IFERROR(H20/H$24,0) -> 0.034133208 | R20: =IFERROR(I20/I$24,0) -> 0.018721587 | T20: SAUCE NACHO CHEESE | U20: =U10*6 -> 4.908 | V20: =V10*6 -> 5.688 | W20: =W10*6 -> 5.7 | X20: =X10*6 -> 7.5 | Y20: =Y10*6 -> 7.116 | Z20: =Z10*6 -> 6.8467 | AA20: =AA10*6 -> 4.692
B21: 0.91666667 | C21: 0 | D21: 0 | E21: 0 | F21: 0 | G21: 0 | H21: 0 | I21: 0 | K21: =B21 -> 0.91666667 | L21: =IFERROR(C21/C$24,0) -> 0 | M21: =IFERROR(D21/D$24,0) -> 0 | N21: =IFERROR(E21/E$24,0) -> 0 | O21: =IFERROR(F21/F$24,0) -> 0 | P21: =IFERROR(G21/G$24,0) -> 0 | Q21: =IFERROR(H21/H$24,0) -> 0 | R21: =IFERROR(I21/I$24,0) -> 0 | T21: TB MEXICAN RICE (FINISHED PRODUCT) | U21: =U11 -> 5841.1 | V21: =V11 -> 6235.9 | W21: =W11 -> 6118.5 | X21: =X11 -> 8464.6 | Y21: =Y11 -> 9060.8 | Z21: =Z11 -> 6617.7778 | AA21: =AA11 -> 5631.9
B22: 0.95833333 | C22: 0 | D22: 0 | E22: 0 | F22: 0 | G22: 0 | H22: 0 | I22: 0 | K22: =B22 -> 0.95833333 | L22: =IFERROR(C22/C$24,0) -> 0 | M22: =IFERROR(D22/D$24,0) -> 0 | N22: =IFERROR(E22/E$24,0) -> 0 | O22: =IFERROR(F22/F$24,0) -> 0 | P22: =IFERROR(G22/G$24,0) -> 0 | Q22: =IFERROR(H22/H$24,0) -> 0 | R22: =IFERROR(I22/I$24,0) -> 0 | U22: {=IF($T22="","",_xlfn.XLOOKUP(TRIM($T22),ISE!$L:$L,INDEX(ISE!$N:$T,0,COLUMN()-COLUMN($U$1)+1),""))} | V22: {=IF($T22="","",_xlfn.XLOOKUP(TRIM($T22),ISE!$L:$L,INDEX(ISE!$N:$T,0,COLUMN()-COLUMN($U$1)+1),""))} | W22: {=IF($T22="","",_xlfn.XLOOKUP(TRIM($T22),ISE!$L:$L,INDEX(ISE!$N:$T,0,COLUMN()-COLUMN($U$1)+1),""))} | X22: {=IF($T22="","",_xlfn.XLOOKUP(TRIM($T22),ISE!$L:$L,INDEX(ISE!$N:$T,0,COLUMN()-COLUMN($U$1)+1),""))} | Y22: {=IF($T22="","",_xlfn.XLOOKUP(TRIM($T22),ISE!$L:$L,INDEX(ISE!$N:$T,0,COLUMN()-COLUMN($U$1)+1),""))} | Z22: {=IF($T22="","",_xlfn.XLOOKUP(TRIM($T22),ISE!$L:$L,INDEX(ISE!$N:$T,0,COLUMN()-COLUMN($U$1)+1),""))} | AA22: {=IF($T22="","",_xlfn.XLOOKUP(TRIM($T22),ISE!$L:$L,INDEX(ISE!$N:$T,0,COLUMN()-COLUMN($U$1)+1),""))}
K23: =B23 -> 0 | L23: =IFERROR(C23/C$24,0) -> 0 | M23: =IFERROR(D23/D$24,0) -> 0 | N23: =IFERROR(E23/E$24,0) -> 0 | O23: =IFERROR(F23/F$24,0) -> 0 | P23: =IFERROR(G23/G$24,0) -> 0 | Q23: =IFERROR(H23/H$24,0) -> 0 | R23: =IFERROR(I23/I$24,0) -> 0 | U23: {=IF($T23="","",_xlfn.XLOOKUP(TRIM($T23),ISE!$L:$L,INDEX(ISE!$N:$T,0,COLUMN()-COLUMN($U$1)+1),""))} | V23: {=IF($T23="","",_xlfn.XLOOKUP(TRIM($T23),ISE!$L:$L,INDEX(ISE!$N:$T,0,COLUMN()-COLUMN($U$1)+1),""))} | W23: {=IF($T23="","",_xlfn.XLOOKUP(TRIM($T23),ISE!$L:$L,INDEX(ISE!$N:$T,0,COLUMN()-COLUMN($U$1)+1),""))} | X23: {=IF($T23="","",_xlfn.XLOOKUP(TRIM($T23),ISE!$L:$L,INDEX(ISE!$N:$T,0,COLUMN()-COLUMN($U$1)+1),""))} | Y23: {=IF($T23="","",_xlfn.XLOOKUP(TRIM($T23),ISE!$L:$L,INDEX(ISE!$N:$T,0,COLUMN()-COLUMN($U$1)+1),""))} | Z23: {=IF($T23="","",_xlfn.XLOOKUP(TRIM($T23),ISE!$L:$L,INDEX(ISE!$N:$T,0,COLUMN()-COLUMN($U$1)+1),""))} | AA23: {=IF($T23="","",_xlfn.XLOOKUP(TRIM($T23),ISE!$L:$L,INDEX(ISE!$N:$T,0,COLUMN()-COLUMN($U$1)+1),""))}
B24: Totals | C24: =SUM(C8:C12,C14:C22) -> 4533.634 | D24: =SUM(D8:D12,D14:D22) -> 4643.22 | E24: =SUM(E8:E12,E14:E22) -> 5270.192 | F24: =SUM(F8:F12,F14:F22) -> 5414.692 | G24: =SUM(G8:G12,G14:G22) -> 7065.956 | H24: =SUM(H8:H12,H14:H22) -> 7077.272 | I24: =SUM(I8:I12,I14:I22) -> 6295.62 | K24: =B24 -> Totals | L24: =IFERROR(C24/C$24,0) -> 1 | M24: =IFERROR(D24/D$24,0) -> 1 | N24: =IFERROR(E24/E$24,0) -> 1 | O24: =IFERROR(F24/F$24,0) -> 1 | P24: =IFERROR(G24/G$24,0) -> 1 | Q24: =IFERROR(H24/H$24,0) -> 1 | R24: =IFERROR(I24/I$24,0) -> 1 | U24: {=IF($T24="","",_xlfn.XLOOKUP(TRIM($T24),ISE!$L:$L,INDEX(ISE!$N:$T,0,COLUMN()-COLUMN($U$1)+1),""))} | V24: {=IF($T24="","",_xlfn.XLOOKUP(TRIM($T24),ISE!$L:$L,INDEX(ISE!$N:$T,0,COLUMN()-COLUMN($U$1)+1),""))} | W24: {=IF($T24="","",_xlfn.XLOOKUP(TRIM($T24),ISE!$L:$L,INDEX(ISE!$N:$T,0,COLUMN()-COLUMN($U$1)+1),""))} | X24: {=IF($T24="","",_xlfn.XLOOKUP(TRIM($T24),ISE!$L:$L,INDEX(ISE!$N:$T,0,COLUMN()-COLUMN($U$1)+1),""))} | Y24: {=IF($T24="","",_xlfn.XLOOKUP(TRIM($T24),ISE!$L:$L,INDEX(ISE!$N:$T,0,COLUMN()-COLUMN($U$1)+1),""))} | Z24: {=IF($T24="","",_xlfn.XLOOKUP(TRIM($T24),ISE!$L:$L,INDEX(ISE!$N:$T,0,COLUMN()-COLUMN($U$1)+1),""))} | AA24: {=IF($T24="","",_xlfn.XLOOKUP(TRIM($T24),ISE!$L:$L,INDEX(ISE!$N:$T,0,COLUMN()-COLUMN($U$1)+1),""))}
J25: //Day Totals | U25: {=IF($T25="","",_xlfn.XLOOKUP(TRIM($T25),ISE!$L:$L,INDEX(ISE!$N:$T,0,COLUMN()-COLUMN($U$1)+1),""))} | V25: {=IF($T25="","",_xlfn.XLOOKUP(TRIM($T25),ISE!$L:$L,INDEX(ISE!$N:$T,0,COLUMN()-COLUMN($U$1)+1),""))} | W25: {=IF($T25="","",_xlfn.XLOOKUP(TRIM($T25),ISE!$L:$L,INDEX(ISE!$N:$T,0,COLUMN()-COLUMN($U$1)+1),""))} | X25: {=IF($T25="","",_xlfn.XLOOKUP(TRIM($T25),ISE!$L:$L,INDEX(ISE!$N:$T,0,COLUMN()-COLUMN($U$1)+1),""))} | Y25: {=IF($T25="","",_xlfn.XLOOKUP(TRIM($T25),ISE!$L:$L,INDEX(ISE!$N:$T,0,COLUMN()-COLUMN($U$1)+1),""))} | Z25: {=IF($T25="","",_xlfn.XLOOKUP(TRIM($T25),ISE!$L:$L,INDEX(ISE!$N:$T,0,COLUMN()-COLUMN($U$1)+1),""))} | AA25: {=IF($T25="","",_xlfn.XLOOKUP(TRIM($T25),ISE!$L:$L,INDEX(ISE!$N:$T,0,COLUMN()-COLUMN($U$1)+1),""))}
B26: =SUM(C36:I37) -> 0 | C26: Cook time blocks | K26: Cook Time Blocks % of Daily Total | U26: {=IF($T26="","",_xlfn.XLOOKUP(TRIM($T26),ISE!$L:$L,INDEX(ISE!$N:$T,0,COLUMN()-COLUMN($U$1)+1),""))} | V26: {=IF($T26="","",_xlfn.XLOOKUP(TRIM($T26),ISE!$L:$L,INDEX(ISE!$N:$T,0,COLUMN()-COLUMN($U$1)+1),""))} | W26: {=IF($T26="","",_xlfn.XLOOKUP(TRIM($T26),ISE!$L:$L,INDEX(ISE!$N:$T,0,COLUMN()-COLUMN($U$1)+1),""))} | X26: {=IF($T26="","",_xlfn.XLOOKUP(TRIM($T26),ISE!$L:$L,INDEX(ISE!$N:$T,0,COLUMN()-COLUMN($U$1)+1),""))} | Y26: {=IF($T26="","",_xlfn.XLOOKUP(TRIM($T26),ISE!$L:$L,INDEX(ISE!$N:$T,0,COLUMN()-COLUMN($U$1)+1),""))} | Z26: {=IF($T26="","",_xlfn.XLOOKUP(TRIM($T26),ISE!$L:$L,INDEX(ISE!$N:$T,0,COLUMN()-COLUMN($U$1)+1),""))} | AA26: {=IF($T26="","",_xlfn.XLOOKUP(TRIM($T26),ISE!$L:$L,INDEX(ISE!$N:$T,0,COLUMN()-COLUMN($U$1)+1),""))}
C27: Mon | D27: Tue | E27: Wed | F27: Thu | G27: Fri | H27: Sat | I27: Sun | K27: Block | L27: Mon | M27: Tue | N27: Wed | O27: Thu | P27: Fri | Q27: Sat | R27: Sun | U27: {=IF($T27="","",_xlfn.XLOOKUP(TRIM($T27),ISE!$L:$L,INDEX(ISE!$N:$T,0,COLUMN()-COLUMN($U$1)+1),""))} | V27: {=IF($T27="","",_xlfn.XLOOKUP(TRIM($T27),ISE!$L:$L,INDEX(ISE!$N:$T,0,COLUMN()-COLUMN($U$1)+1),""))} | W27: {=IF($T27="","",_xlfn.XLOOKUP(TRIM($T27),ISE!$L:$L,INDEX(ISE!$N:$T,0,COLUMN()-COLUMN($U$1)+1),""))} | X27: {=IF($T27="","",_xlfn.XLOOKUP(TRIM($T27),ISE!$L:$L,INDEX(ISE!$N:$T,0,COLUMN()-COLUMN($U$1)+1),""))} | Y27: {=IF($T27="","",_xlfn.XLOOKUP(TRIM($T27),ISE!$L:$L,INDEX(ISE!$N:$T,0,COLUMN()-COLUMN($U$1)+1),""))} | Z27: {=IF($T27="","",_xlfn.XLOOKUP(TRIM($T27),ISE!$L:$L,INDEX(ISE!$N:$T,0,COLUMN()-COLUMN($U$1)+1),""))} | AA27: {=IF($T27="","",_xlfn.XLOOKUP(TRIM($T27),ISE!$L:$L,INDEX(ISE!$N:$T,0,COLUMN()-COLUMN($U$1)+1),""))}
B28: 8:45am | C28: =SUM(C8:C11) -> 1339.832 | D28: =SUM(D8:D9) -> 455.16 | E28: =SUM(E8:E9) -> 500.426 | F28: =SUM(F8:F9) -> 408.354 | G28: =SUM(G8:G9) -> 393.586 | H28: =SUM(H8:H9) -> 532.568 | I28: =SUM(I8:I9) -> 620.43 | J28: //Morning | K28: =B28 -> 8:45am | L28: =IFERROR(C28/C$35,0) -> 0.16922105 | M28: =IFERROR(D28/D$35,0) -> 0.088678162 | N28: =IFERROR(E28/E$35,0) -> 0.08583816 | O28: =IFERROR(F28/F$35,0) -> 0.067631524 | P28: =IFERROR(G28/G$35,0) -> 0.049196344 | Q28: =IFERROR(H28/H$35,0) -> 0.066511589 | R28: =IFERROR(I28/I$35,0) -> 0.088529303 | U28: {=IF($T28="","",_xlfn.XLOOKUP(TRIM($T28),ISE!$L:$L,INDEX(ISE!$N:$T,0,COLUMN()-COLUMN($U$1)+1),""))} | V28: {=IF($T28="","",_xlfn.XLOOKUP(TRIM($T28),ISE!$L:$L,INDEX(ISE!$N:$T,0,COLUMN()-COLUMN($U$1)+1),""))} | W28: {=IF($T28="","",_xlfn.XLOOKUP(TRIM($T28),ISE!$L:$L,INDEX(ISE!$N:$T,0,COLUMN()-COLUMN($U$1)+1),""))} | X28: {=IF($T28="","",_xlfn.XLOOKUP(TRIM($T28),ISE!$L:$L,INDEX(ISE!$N:$T,0,COLUMN()-COLUMN($U$1)+1),""))} | Y28: {=IF($T28="","",_xlfn.XLOOKUP(TRIM($T28),ISE!$L:$L,INDEX(ISE!$N:$T,0,COLUMN()-COLUMN($U$1)+1),""))} | Z28: {=IF($T28="","",_xlfn.XLOOKUP(TRIM($T28),ISE!$L:$L,INDEX(ISE!$N:$T,0,COLUMN()-COLUMN($U$1)+1),""))} | AA28: {=IF($T28="","",_xlfn.XLOOKUP(TRIM($T28),ISE!$L:$L,INDEX(ISE!$N:$T,0,COLUMN()-COLUMN($U$1)+1),""))}
B29: 10:30am | C29: {=SUM(C10:C12+C14)} -> 2183.212 | D29: =SUM(D10:D12) -> 1293.71 | E29: =SUM(E10:E12) -> 1400.93 | F29: =SUM(F10:F12) -> 1348.56 | G29: =SUM(G10:G12) -> 1542.342 | H29: =SUM(H10:H12) -> 1926.422 | I29: =SUM(I10:I12) -> 2025.206 | J29: //Lunch | K29: =B29 -> 10:30am | L29: =IFERROR(C29/C$35,0) -> 0.27574011 | M29: =IFERROR(D29/D$35,0) -> 0.25205164 | N29: =IFERROR(E29/E$35,0) -> 0.24030177 | O29: =IFERROR(F29/F$35,0) -> 0.22334829 | P29: =IFERROR(G29/G$35,0) -> 0.19278528 | Q29: =IFERROR(H29/H$35,0) -> 0.24058784 | R29: =IFERROR(I29/I$35,0) -> 0.28897712 | U29: {=IF($T29="","",_xlfn.XLOOKUP(TRIM($T29),ISE!$L:$L,INDEX(ISE!$N:$T,0,COLUMN()-COLUMN($U$1)+1),""))} | V29: {=IF($T29="","",_xlfn.XLOOKUP(TRIM($T29),ISE!$L:$L,INDEX(ISE!$N:$T,0,COLUMN()-COLUMN($U$1)+1),""))} | W29: {=IF($T29="","",_xlfn.XLOOKUP(TRIM($T29),ISE!$L:$L,INDEX(ISE!$N:$T,0,COLUMN()-COLUMN($U$1)+1),""))} | X29: {=IF($T29="","",_xlfn.XLOOKUP(TRIM($T29),ISE!$L:$L,INDEX(ISE!$N:$T,0,COLUMN()-COLUMN($U$1)+1),""))} | Y29: {=IF($T29="","",_xlfn.XLOOKUP(TRIM($T29),ISE!$L:$L,INDEX(ISE!$N:$T,0,COLUMN()-COLUMN($U$1)+1),""))} | Z29: {=IF($T29="","",_xlfn.XLOOKUP(TRIM($T29),ISE!$L:$L,INDEX(ISE!$N:$T,0,COLUMN()-COLUMN($U$1)+1),""))} | AA29: {=IF($T29="","",_xlfn.XLOOKUP(TRIM($T29),ISE!$L:$L,INDEX(ISE!$N:$T,0,COLUMN()-COLUMN($U$1)+1),""))}
B30: 2:00pm | C30: =SUM(C14:C17) -> 1787.106 | D30: =SUM(D14:D16) -> 1042.736 | E30: =SUM(E14:E16) -> 1217.512 | F30: =SUM(F14:F16) -> 1290.028 | G30: =SUM(G14:G16) -> 1567.01 | H30: =SUM(H14:H16) -> 1856.148 | I30: =SUM(I14:I16) -> 1659.062 | J30: //Afternoon | K30: =B30 -> 2:00pm | L30: =IFERROR(C30/C$35,0) -> 0.22571184 | M30: =IFERROR(D30/D$35,0) -> 0.20315474 | N30: =IFERROR(E30/E$35,0) -> 0.20884005 | O30: =IFERROR(F30/F$35,0) -> 0.21365423 | P30: =IFERROR(G30/G$35,0) -> 0.19586866 | Q30: =IFERROR(H30/H$35,0) -> 0.23181143 | R30: =IFERROR(I30/I$35,0) -> 0.23673195 | U30: {=IF($T30="","",_xlfn.XLOOKUP(TRIM($T30),ISE!$L:$L,INDEX(ISE!$N:$T,0,COLUMN()-COLUMN($U$1)+1),""))} | V30: {=IF($T30="","",_xlfn.XLOOKUP(TRIM($T30),ISE!$L:$L,INDEX(ISE!$N:$T,0,COLUMN()-COLUMN($U$1)+1),""))} | W30: {=IF($T30="","",_xlfn.XLOOKUP(TRIM($T30),ISE!$L:$L,INDEX(ISE!$N:$T,0,COLUMN()-COLUMN($U$1)+1),""))} | X30: {=IF($T30="","",_xlfn.XLOOKUP(TRIM($T30),ISE!$L:$L,INDEX(ISE!$N:$T,0,COLUMN()-COLUMN($U$1)+1),""))} | Y30: {=IF($T30="","",_xlfn.XLOOKUP(TRIM($T30),ISE!$L:$L,INDEX(ISE!$N:$T,0,COLUMN()-COLUMN($U$1)+1),""))} | Z30: {=IF($T30="","",_xlfn.XLOOKUP(TRIM($T30),ISE!$L:$L,INDEX(ISE!$N:$T,0,COLUMN()-COLUMN($U$1)+1),""))} | AA30: {=IF($T30="","",_xlfn.XLOOKUP(TRIM($T30),ISE!$L:$L,INDEX(ISE!$N:$T,0,COLUMN()-COLUMN($U$1)+1),""))}
B31: 3:30pm | C31: =SUM(C16:C19) -> 2093.806 | D31: =SUM(D16:D18) -> 1621.852 | E31: =SUM(E16:E18) -> 2081.042 | F31: =SUM(F16:F18) -> 2198.276 | G31: =SUM(G16:G18) -> 3553.27 | H31: =SUM(H16:H18) -> 2898.11 | I31: =SUM(I16:I18) -> 2193.596 | J31: //Dinner | K31: =B31 -> 3:30pm | L31: =IFERROR(C31/C$35,0) -> 0.26444811 | M31: =IFERROR(D31/D$35,0) -> 0.31598307 | N31: =IFERROR(E31/E$35,0) -> 0.3569615 | O31: =IFERROR(F31/F$35,0) -> 0.36407812 | P31: =IFERROR(G31/G$35,0) -> 0.44414154 | Q31: =IFERROR(H31/H$35,0) -> 0.36194045 | R31: =IFERROR(I31/I$35,0) -> 0.31300473 | U31: {=IF($T31="","",_xlfn.XLOOKUP(TRIM($T31),ISE!$L:$L,INDEX(ISE!$N:$T,0,COLUMN()-COLUMN($U$1)+1),""))} | V31: {=IF($T31="","",_xlfn.XLOOKUP(TRIM($T31),ISE!$L:$L,INDEX(ISE!$N:$T,0,COLUMN()-COLUMN($U$1)+1),""))} | W31: {=IF($T31="","",_xlfn.XLOOKUP(TRIM($T31),ISE!$L:$L,INDEX(ISE!$N:$T,0,COLUMN()-COLUMN($U$1)+1),""))} | X31: {=IF($T31="","",_xlfn.XLOOKUP(TRIM($T31),ISE!$L:$L,INDEX(ISE!$N:$T,0,COLUMN()-COLUMN($U$1)+1),""))} | Y31: {=IF($T31="","",_xlfn.XLOOKUP(TRIM($T31),ISE!$L:$L,INDEX(ISE!$N:$T,0,COLUMN()-COLUMN($U$1)+1),""))} | Z31: {=IF($T31="","",_xlfn.XLOOKUP(TRIM($T31),ISE!$L:$L,INDEX(ISE!$N:$T,0,COLUMN()-COLUMN($U$1)+1),""))} | AA31: {=IF($T31="","",_xlfn.XLOOKUP(TRIM($T31),ISE!$L:$L,INDEX(ISE!$N:$T,0,COLUMN()-COLUMN($U$1)+1),""))}
B32: 7:00pm | C32: =SUM(C19:C22) -> 513.688 | D32: =SUM(D19:D21) -> 719.26 | E32: =SUM(E19:E21) -> 629.968 | F32: =SUM(F19:F21) -> 792.706 | G32: =SUM(G19:G21) -> 944.102 | H32: =SUM(H19:H21) -> 793.898 | I32: =SUM(I19:I21) -> 509.894 | J32: //After Dinner | K32: =B32 -> 7:00pm | L32: =IFERROR(C32/C$35,0) -> 0.064878896 | M32: =IFERROR(D32/D$35,0) -> 0.14013238 | N32: =IFERROR(E32/E$35,0) -> 0.10805852 | O32: =IFERROR(F32/F$35,0) -> 0.13128784 | P32: =IFERROR(G32/G$35,0) -> 0.11800818 | Q32: =IFERROR(H32/H$35,0) -> 0.099148685 | R32: =IFERROR(I32/I$35,0) -> 0.072756895 | U32: {=IF($T32="","",_xlfn.XLOOKUP(TRIM($T32),ISE!$L:$L,INDEX(ISE!$N:$T,0,COLUMN()-COLUMN($U$1)+1),""))} | V32: {=IF($T32="","",_xlfn.XLOOKUP(TRIM($T32),ISE!$L:$L,INDEX(ISE!$N:$T,0,COLUMN()-COLUMN($U$1)+1),""))} | W32: {=IF($T32="","",_xlfn.XLOOKUP(TRIM($T32),ISE!$L:$L,INDEX(ISE!$N:$T,0,COLUMN()-COLUMN($U$1)+1),""))} | X32: {=IF($T32="","",_xlfn.XLOOKUP(TRIM($T32),ISE!$L:$L,INDEX(ISE!$N:$T,0,COLUMN()-COLUMN($U$1)+1),""))} | Y32: {=IF($T32="","",_xlfn.XLOOKUP(TRIM($T32),ISE!$L:$L,INDEX(ISE!$N:$T,0,COLUMN()-COLUMN($U$1)+1),""))} | Z32: {=IF($T32="","",_xlfn.XLOOKUP(TRIM($T32),ISE!$L:$L,INDEX(ISE!$N:$T,0,COLUMN()-COLUMN($U$1)+1),""))} | AA32: {=IF($T32="","",_xlfn.XLOOKUP(TRIM($T32),ISE!$L:$L,INDEX(ISE!$N:$T,0,COLUMN()-COLUMN($U$1)+1),""))}
B33: Late Night | U33: {=IF($T33="","",_xlfn.XLOOKUP(TRIM($T33),ISE!$L:$L,INDEX(ISE!$N:$T,0,COLUMN()-COLUMN($U$1)+1),""))} | V33: {=IF($T33="","",_xlfn.XLOOKUP(TRIM($T33),ISE!$L:$L,INDEX(ISE!$N:$T,0,COLUMN()-COLUMN($U$1)+1),""))} | W33: {=IF($T33="","",_xlfn.XLOOKUP(TRIM($T33),ISE!$L:$L,INDEX(ISE!$N:$T,0,COLUMN()-COLUMN($U$1)+1),""))} | X33: {=IF($T33="","",_xlfn.XLOOKUP(TRIM($T33),ISE!$L:$L,INDEX(ISE!$N:$T,0,COLUMN()-COLUMN($U$1)+1),""))} | Y33: {=IF($T33="","",_xlfn.XLOOKUP(TRIM($T33),ISE!$L:$L,INDEX(ISE!$N:$T,0,COLUMN()-COLUMN($U$1)+1),""))} | Z33: {=IF($T33="","",_xlfn.XLOOKUP(TRIM($T33),ISE!$L:$L,INDEX(ISE!$N:$T,0,COLUMN()-COLUMN($U$1)+1),""))} | AA33: {=IF($T33="","",_xlfn.XLOOKUP(TRIM($T33),ISE!$L:$L,INDEX(ISE!$N:$T,0,COLUMN()-COLUMN($U$1)+1),""))}
U34: {=IF($T34="","",_xlfn.XLOOKUP(TRIM($T34),ISE!$L:$L,INDEX(ISE!$N:$T,0,COLUMN()-COLUMN($U$1)+1),""))} | V34: {=IF($T34="","",_xlfn.XLOOKUP(TRIM($T34),ISE!$L:$L,INDEX(ISE!$N:$T,0,COLUMN()-COLUMN($U$1)+1),""))} | W34: {=IF($T34="","",_xlfn.XLOOKUP(TRIM($T34),ISE!$L:$L,INDEX(ISE!$N:$T,0,COLUMN()-COLUMN($U$1)+1),""))} | X34: {=IF($T34="","",_xlfn.XLOOKUP(TRIM($T34),ISE!$L:$L,INDEX(ISE!$N:$T,0,COLUMN()-COLUMN($U$1)+1),""))} | Y34: {=IF($T34="","",_xlfn.XLOOKUP(TRIM($T34),ISE!$L:$L,INDEX(ISE!$N:$T,0,COLUMN()-COLUMN($U$1)+1),""))} | Z34: {=IF($T34="","",_xlfn.XLOOKUP(TRIM($T34),ISE!$L:$L,INDEX(ISE!$N:$T,0,COLUMN()-COLUMN($U$1)+1),""))} | AA34: {=IF($T34="","",_xlfn.XLOOKUP(TRIM($T34),ISE!$L:$L,INDEX(ISE!$N:$T,0,COLUMN()-COLUMN($U$1)+1),""))}
B35: Totals | C35: =SUM(C28:C33) -> 7917.644 | D35: =SUM(D28:D33) -> 5132.718 | E35: =SUM(E28:E33) -> 5829.878 | F35: =SUM(F28:F33) -> 6037.924 | G35: =SUM(G28:G33) -> 8000.31 | H35: =SUM(H28:H33) -> 8007.146 | I35: =SUM(I28:I33) -> 7008.188 | K35: =B35 -> Totals | L35: =IFERROR(C35/C$35,0) -> 1 | M35: =IFERROR(D35/D$35,0) -> 1 | N35: =IFERROR(E35/E$35,0) -> 1 | O35: =IFERROR(F35/F$35,0) -> 1 | P35: =IFERROR(G35/G$35,0) -> 1 | Q35: =IFERROR(H35/H$35,0) -> 1 | R35: =IFERROR(I35/I$35,0) -> 1 | U35: {=IF($T35="","",_xlfn.XLOOKUP(TRIM($T35),ISE!$L:$L,INDEX(ISE!$N:$T,0,COLUMN()-COLUMN($U$1)+1),""))} | V35: {=IF($T35="","",_xlfn.XLOOKUP(TRIM($T35),ISE!$L:$L,INDEX(ISE!$N:$T,0,COLUMN()-COLUMN($U$1)+1),""))} | W35: {=IF($T35="","",_xlfn.XLOOKUP(TRIM($T35),ISE!$L:$L,INDEX(ISE!$N:$T,0,COLUMN()-COLUMN($U$1)+1),""))} | X35: {=IF($T35="","",_xlfn.XLOOKUP(TRIM($T35),ISE!$L:$L,INDEX(ISE!$N:$T,0,COLUMN()-COLUMN($U$1)+1),""))} | Y35: {=IF($T35="","",_xlfn.XLOOKUP(TRIM($T35),ISE!$L:$L,INDEX(ISE!$N:$T,0,COLUMN()-COLUMN($U$1)+1),""))} | Z35: {=IF($T35="","",_xlfn.XLOOKUP(TRIM($T35),ISE!$L:$L,INDEX(ISE!$N:$T,0,COLUMN()-COLUMN($U$1)+1),""))} | AA35: {=IF($T35="","",_xlfn.XLOOKUP(TRIM($T35),ISE!$L:$L,INDEX(ISE!$N:$T,0,COLUMN()-COLUMN($U$1)+1),""))}
C36: =IF(C35=C24, 1, 0) -> 0 | D36: =IF(D35=D24, 1, 0) -> 0 | E36: =IF(E35=E24, 1, 0) -> 0 | F36: =IF(F35=F24, 1, 0) -> 0 | G36: =IF(G35=G24, 1, 0) -> 0 | H36: =IF(H35=H24, 1, 0) -> 0 | I36: =IF(I35=I24, 1, 0) -> 0 | U36: {=IF($T36="","",_xlfn.XLOOKUP(TRIM($T36),ISE!$L:$L,INDEX(ISE!$N:$T,0,COLUMN()-COLUMN($U$1)+1),""))} | V36: {=IF($T36="","",_xlfn.XLOOKUP(TRIM($T36),ISE!$L:$L,INDEX(ISE!$N:$T,0,COLUMN()-COLUMN($U$1)+1),""))} | W36: {=IF($T36="","",_xlfn.XLOOKUP(TRIM($T36),ISE!$L:$L,INDEX(ISE!$N:$T,0,COLUMN()-COLUMN($U$1)+1),""))} | X36: {=IF($T36="","",_xlfn.XLOOKUP(TRIM($T36),ISE!$L:$L,INDEX(ISE!$N:$T,0,COLUMN()-COLUMN($U$1)+1),""))} | Y36: {=IF($T36="","",_xlfn.XLOOKUP(TRIM($T36),ISE!$L:$L,INDEX(ISE!$N:$T,0,COLUMN()-COLUMN($U$1)+1),""))} | Z36: {=IF($T36="","",_xlfn.XLOOKUP(TRIM($T36),ISE!$L:$L,INDEX(ISE!$N:$T,0,COLUMN()-COLUMN($U$1)+1),""))} | AA36: {=IF($T36="","",_xlfn.XLOOKUP(TRIM($T36),ISE!$L:$L,INDEX(ISE!$N:$T,0,COLUMN()-COLUMN($U$1)+1),""))}
U37: {=IF($T37="","",_xlfn.XLOOKUP(TRIM($T37),ISE!$L:$L,INDEX(ISE!$N:$T,0,COLUMN()-COLUMN($U$1)+1),""))} | V37: {=IF($T37="","",_xlfn.XLOOKUP(TRIM($T37),ISE!$L:$L,INDEX(ISE!$N:$T,0,COLUMN()-COLUMN($U$1)+1),""))} | W37: {=IF($T37="","",_xlfn.XLOOKUP(TRIM($T37),ISE!$L:$L,INDEX(ISE!$N:$T,0,COLUMN()-COLUMN($U$1)+1),""))} | X37: {=IF($T37="","",_xlfn.XLOOKUP(TRIM($T37),ISE!$L:$L,INDEX(ISE!$N:$T,0,COLUMN()-COLUMN($U$1)+1),""))} | Y37: {=IF($T37="","",_xlfn.XLOOKUP(TRIM($T37),ISE!$L:$L,INDEX(ISE!$N:$T,0,COLUMN()-COLUMN($U$1)+1),""))} | Z37: {=IF($T37="","",_xlfn.XLOOKUP(TRIM($T37),ISE!$L:$L,INDEX(ISE!$N:$T,0,COLUMN()-COLUMN($U$1)+1),""))} | AA37: {=IF($T37="","",_xlfn.XLOOKUP(TRIM($T37),ISE!$L:$L,INDEX(ISE!$N:$T,0,COLUMN()-COLUMN($U$1)+1),""))}
U38: {=IF($T38="","",_xlfn.XLOOKUP(TRIM($T38),ISE!$L:$L,INDEX(ISE!$N:$T,0,COLUMN()-COLUMN($U$1)+1),""))} | V38: {=IF($T38="","",_xlfn.XLOOKUP(TRIM($T38),ISE!$L:$L,INDEX(ISE!$N:$T,0,COLUMN()-COLUMN($U$1)+1),""))} | W38: {=IF($T38="","",_xlfn.XLOOKUP(TRIM($T38),ISE!$L:$L,INDEX(ISE!$N:$T,0,COLUMN()-COLUMN($U$1)+1),""))} | X38: {=IF($T38="","",_xlfn.XLOOKUP(TRIM($T38),ISE!$L:$L,INDEX(ISE!$N:$T,0,COLUMN()-COLUMN($U$1)+1),""))} | Y38: {=IF($T38="","",_xlfn.XLOOKUP(TRIM($T38),ISE!$L:$L,INDEX(ISE!$N:$T,0,COLUMN()-COLUMN($U$1)+1),""))} | Z38: {=IF($T38="","",_xlfn.XLOOKUP(TRIM($T38),ISE!$L:$L,INDEX(ISE!$N:$T,0,COLUMN()-COLUMN($U$1)+1),""))} | AA38: {=IF($T38="","",_xlfn.XLOOKUP(TRIM($T38),ISE!$L:$L,INDEX(ISE!$N:$T,0,COLUMN()-COLUMN($U$1)+1),""))}
K39: =SUM(IFERROR(Sales!BT$17*Sales!BK30/SUM(Sales!BK$28:BK$32),0)*$L$3) | U39: {=IF($T39="","",_xlfn.XLOOKUP(TRIM($T39),ISE!$L:$L,INDEX(ISE!$N:$T,0,COLUMN()-COLUMN($U$1)+1),""))} | V39: {=IF($T39="","",_xlfn.XLOOKUP(TRIM($T39),ISE!$L:$L,INDEX(ISE!$N:$T,0,COLUMN()-COLUMN($U$1)+1),""))} | W39: {=IF($T39="","",_xlfn.XLOOKUP(TRIM($T39),ISE!$L:$L,INDEX(ISE!$N:$T,0,COLUMN()-COLUMN($U$1)+1),""))} | X39: {=IF($T39="","",_xlfn.XLOOKUP(TRIM($T39),ISE!$L:$L,INDEX(ISE!$N:$T,0,COLUMN()-COLUMN($U$1)+1),""))} | Y39: {=IF($T39="","",_xlfn.XLOOKUP(TRIM($T39),ISE!$L:$L,INDEX(ISE!$N:$T,0,COLUMN()-COLUMN($U$1)+1),""))} | Z39: {=IF($T39="","",_xlfn.XLOOKUP(TRIM($T39),ISE!$L:$L,INDEX(ISE!$N:$T,0,COLUMN()-COLUMN($U$1)+1),""))} | AA39: {=IF($T39="","",_xlfn.XLOOKUP(TRIM($T39),ISE!$L:$L,INDEX(ISE!$N:$T,0,COLUMN()-COLUMN($U$1)+1),""))}
U40: {=IF($T40="","",_xlfn.XLOOKUP(TRIM($T40),ISE!$L:$L,INDEX(ISE!$N:$T,0,COLUMN()-COLUMN($U$1)+1),""))} | V40: {=IF($T40="","",_xlfn.XLOOKUP(TRIM($T40),ISE!$L:$L,INDEX(ISE!$N:$T,0,COLUMN()-COLUMN($U$1)+1),""))} | W40: {=IF($T40="","",_xlfn.XLOOKUP(TRIM($T40),ISE!$L:$L,INDEX(ISE!$N:$T,0,COLUMN()-COLUMN($U$1)+1),""))} | X40: {=IF($T40="","",_xlfn.XLOOKUP(TRIM($T40),ISE!$L:$L,INDEX(ISE!$N:$T,0,COLUMN()-COLUMN($U$1)+1),""))} | Y40: {=IF($T40="","",_xlfn.XLOOKUP(TRIM($T40),ISE!$L:$L,INDEX(ISE!$N:$T,0,COLUMN()-COLUMN($U$1)+1),""))} | Z40: {=IF($T40="","",_xlfn.XLOOKUP(TRIM($T40),ISE!$L:$L,INDEX(ISE!$N:$T,0,COLUMN()-COLUMN($U$1)+1),""))} | AA40: {=IF($T40="","",_xlfn.XLOOKUP(TRIM($T40),ISE!$L:$L,INDEX(ISE!$N:$T,0,COLUMN()-COLUMN($U$1)+1),""))}
U41: {=IF($T41="","",_xlfn.XLOOKUP(TRIM($T41),ISE!$L:$L,INDEX(ISE!$N:$T,0,COLUMN()-COLUMN($U$1)+1),""))} | V41: {=IF($T41="","",_xlfn.XLOOKUP(TRIM($T41),ISE!$L:$L,INDEX(ISE!$N:$T,0,COLUMN()-COLUMN($U$1)+1),""))} | W41: {=IF($T41="","",_xlfn.XLOOKUP(TRIM($T41),ISE!$L:$L,INDEX(ISE!$N:$T,0,COLUMN()-COLUMN($U$1)+1),""))} | X41: {=IF($T41="","",_xlfn.XLOOKUP(TRIM($T41),ISE!$L:$L,INDEX(ISE!$N:$T,0,COLUMN()-COLUMN($U$1)+1),""))} | Y41: {=IF($T41="","",_xlfn.XLOOKUP(TRIM($T41),ISE!$L:$L,INDEX(ISE!$N:$T,0,COLUMN()-COLUMN($U$1)+1),""))} | Z41: {=IF($T41="","",_xlfn.XLOOKUP(TRIM($T41),ISE!$L:$L,INDEX(ISE!$N:$T,0,COLUMN()-COLUMN($U$1)+1),""))} | AA41: {=IF($T41="","",_xlfn.XLOOKUP(TRIM($T41),ISE!$L:$L,INDEX(ISE!$N:$T,0,COLUMN()-COLUMN($U$1)+1),""))}
U42: {=IF($T42="","",_xlfn.XLOOKUP(TRIM($T42),ISE!$L:$L,INDEX(ISE!$N:$T,0,COLUMN()-COLUMN($U$1)+1),""))} | V42: {=IF($T42="","",_xlfn.XLOOKUP(TRIM($T42),ISE!$L:$L,INDEX(ISE!$N:$T,0,COLUMN()-COLUMN($U$1)+1),""))} | W42: {=IF($T42="","",_xlfn.XLOOKUP(TRIM($T42),ISE!$L:$L,INDEX(ISE!$N:$T,0,COLUMN()-COLUMN($U$1)+1),""))} | X42: {=IF($T42="","",_xlfn.XLOOKUP(TRIM($T42),ISE!$L:$L,INDEX(ISE!$N:$T,0,COLUMN()-COLUMN($U$1)+1),""))} | Y42: {=IF($T42="","",_xlfn.XLOOKUP(TRIM($T42),ISE!$L:$L,INDEX(ISE!$N:$T,0,COLUMN()-COLUMN($U$1)+1),""))} | Z42: {=IF($T42="","",_xlfn.XLOOKUP(TRIM($T42),ISE!$L:$L,INDEX(ISE!$N:$T,0,COLUMN()-COLUMN($U$1)+1),""))} | AA42: {=IF($T42="","",_xlfn.XLOOKUP(TRIM($T42),ISE!$L:$L,INDEX(ISE!$N:$T,0,COLUMN()-COLUMN($U$1)+1),""))}
U43: {=IF($T43="","",_xlfn.XLOOKUP(TRIM($T43),ISE!$L:$L,INDEX(ISE!$N:$T,0,COLUMN()-COLUMN($U$1)+1),""))} | V43: {=IF($T43="","",_xlfn.XLOOKUP(TRIM($T43),ISE!$L:$L,INDEX(ISE!$N:$T,0,COLUMN()-COLUMN($U$1)+1),""))} | W43: {=IF($T43="","",_xlfn.XLOOKUP(TRIM($T43),ISE!$L:$L,INDEX(ISE!$N:$T,0,COLUMN()-COLUMN($U$1)+1),""))} | X43: {=IF($T43="","",_xlfn.XLOOKUP(TRIM($T43),ISE!$L:$L,INDEX(ISE!$N:$T,0,COLUMN()-COLUMN($U$1)+1),""))} | Y43: {=IF($T43="","",_xlfn.XLOOKUP(TRIM($T43),ISE!$L:$L,INDEX(ISE!$N:$T,0,COLUMN()-COLUMN($U$1)+1),""))} | Z43: {=IF($T43="","",_xlfn.XLOOKUP(TRIM($T43),ISE!$L:$L,INDEX(ISE!$N:$T,0,COLUMN()-COLUMN($U$1)+1),""))} | AA43: {=IF($T43="","",_xlfn.XLOOKUP(TRIM($T43),ISE!$L:$L,INDEX(ISE!$N:$T,0,COLUMN()-COLUMN($U$1)+1),""))}
U44: {=IF($T44="","",_xlfn.XLOOKUP(TRIM($T44),ISE!$L:$L,INDEX(ISE!$N:$T,0,COLUMN()-COLUMN($U$1)+1),""))} | V44: {=IF($T44="","",_xlfn.XLOOKUP(TRIM($T44),ISE!$L:$L,INDEX(ISE!$N:$T,0,COLUMN()-COLUMN($U$1)+1),""))} | W44: {=IF($T44="","",_xlfn.XLOOKUP(TRIM($T44),ISE!$L:$L,INDEX(ISE!$N:$T,0,COLUMN()-COLUMN($U$1)+1),""))} | X44: {=IF($T44="","",_xlfn.XLOOKUP(TRIM($T44),ISE!$L:$L,INDEX(ISE!$N:$T,0,COLUMN()-COLUMN($U$1)+1),""))} | Y44: {=IF($T44="","",_xlfn.XLOOKUP(TRIM($T44),ISE!$L:$L,INDEX(ISE!$N:$T,0,COLUMN()-COLUMN($U$1)+1),""))} | Z44: {=IF($T44="","",_xlfn.XLOOKUP(TRIM($T44),ISE!$L:$L,INDEX(ISE!$N:$T,0,COLUMN()-COLUMN($U$1)+1),""))} | AA44: {=IF($T44="","",_xlfn.XLOOKUP(TRIM($T44),ISE!$L:$L,INDEX(ISE!$N:$T,0,COLUMN()-COLUMN($U$1)+1),""))}
U45: {=IF($T45="","",_xlfn.XLOOKUP(TRIM($T45),ISE!$L:$L,INDEX(ISE!$N:$T,0,COLUMN()-COLUMN($U$1)+1),""))} | V45: {=IF($T45="","",_xlfn.XLOOKUP(TRIM($T45),ISE!$L:$L,INDEX(ISE!$N:$T,0,COLUMN()-COLUMN($U$1)+1),""))} | W45: {=IF($T45="","",_xlfn.XLOOKUP(TRIM($T45),ISE!$L:$L,INDEX(ISE!$N:$T,0,COLUMN()-COLUMN($U$1)+1),""))} | X45: {=IF($T45="","",_xlfn.XLOOKUP(TRIM($T45),ISE!$L:$L,INDEX(ISE!$N:$T,0,COLUMN()-COLUMN($U$1)+1),""))} | Y45: {=IF($T45="","",_xlfn.XLOOKUP(TRIM($T45),ISE!$L:$L,INDEX(ISE!$N:$T,0,COLUMN()-COLUMN($U$1)+1),""))} | Z45: {=IF($T45="","",_xlfn.XLOOKUP(TRIM($T45),ISE!$L:$L,INDEX(ISE!$N:$T,0,COLUMN()-COLUMN($U$1)+1),""))} | AA45: {=IF($T45="","",_xlfn.XLOOKUP(TRIM($T45),ISE!$L:$L,INDEX(ISE!$N:$T,0,COLUMN()-COLUMN($U$1)+1),""))}
U46: {=IF($T46="","",_xlfn.XLOOKUP(TRIM($T46),ISE!$L:$L,INDEX(ISE!$N:$T,0,COLUMN()-COLUMN($U$1)+1),""))} | V46: {=IF($T46="","",_xlfn.XLOOKUP(TRIM($T46),ISE!$L:$L,INDEX(ISE!$N:$T,0,COLUMN()-COLUMN($U$1)+1),""))} | W46: {=IF($T46="","",_xlfn.XLOOKUP(TRIM($T46),ISE!$L:$L,INDEX(ISE!$N:$T,0,COLUMN()-COLUMN($U$1)+1),""))} | X46: {=IF($T46="","",_xlfn.XLOOKUP(TRIM($T46),ISE!$L:$L,INDEX(ISE!$N:$T,0,COLUMN()-COLUMN($U$1)+1),""))} | Y46: {=IF($T46="","",_xlfn.XLOOKUP(TRIM($T46),ISE!$L:$L,INDEX(ISE!$N:$T,0,COLUMN()-COLUMN($U$1)+1),""))} | Z46: {=IF($T46="","",_xlfn.XLOOKUP(TRIM($T46),ISE!$L:$L,INDEX(ISE!$N:$T,0,COLUMN()-COLUMN($U$1)+1),""))} | AA46: {=IF($T46="","",_xlfn.XLOOKUP(TRIM($T46),ISE!$L:$L,INDEX(ISE!$N:$T,0,COLUMN()-COLUMN($U$1)+1),""))}
U47: {=IF($T47="","",_xlfn.XLOOKUP(TRIM($T47),ISE!$L:$L,INDEX(ISE!$N:$T,0,COLUMN()-COLUMN($U$1)+1),""))} | V47: {=IF($T47="","",_xlfn.XLOOKUP(TRIM($T47),ISE!$L:$L,INDEX(ISE!$N:$T,0,COLUMN()-COLUMN($U$1)+1),""))} | W47: {=IF($T47="","",_xlfn.XLOOKUP(TRIM($T47),ISE!$L:$L,INDEX(ISE!$N:$T,0,COLUMN()-COLUMN($U$1)+1),""))} | X47: {=IF($T47="","",_xlfn.XLOOKUP(TRIM($T47),ISE!$L:$L,INDEX(ISE!$N:$T,0,COLUMN()-COLUMN($U$1)+1),""))} | Y47: {=IF($T47="","",_xlfn.XLOOKUP(TRIM($T47),ISE!$L:$L,INDEX(ISE!$N:$T,0,COLUMN()-COLUMN($U$1)+1),""))} | Z47: {=IF($T47="","",_xlfn.XLOOKUP(TRIM($T47),ISE!$L:$L,INDEX(ISE!$N:$T,0,COLUMN()-COLUMN($U$1)+1),""))} | AA47: {=IF($T47="","",_xlfn.XLOOKUP(TRIM($T47),ISE!$L:$L,INDEX(ISE!$N:$T,0,COLUMN()-COLUMN($U$1)+1),""))}
U48: {=IF($T48="","",_xlfn.XLOOKUP(TRIM($T48),ISE!$L:$L,INDEX(ISE!$N:$T,0,COLUMN()-COLUMN($U$1)+1),""))} | V48: {=IF($T48="","",_xlfn.XLOOKUP(TRIM($T48),ISE!$L:$L,INDEX(ISE!$N:$T,0,COLUMN()-COLUMN($U$1)+1),""))} | W48: {=IF($T48="","",_xlfn.XLOOKUP(TRIM($T48),ISE!$L:$L,INDEX(ISE!$N:$T,0,COLUMN()-COLUMN($U$1)+1),""))} | X48: {=IF($T48="","",_xlfn.XLOOKUP(TRIM($T48),ISE!$L:$L,INDEX(ISE!$N:$T,0,COLUMN()-COLUMN($U$1)+1),""))} | Y48: {=IF($T48="","",_xlfn.XLOOKUP(TRIM($T48),ISE!$L:$L,INDEX(ISE!$N:$T,0,COLUMN()-COLUMN($U$1)+1),""))} | Z48: {=IF($T48="","",_xlfn.XLOOKUP(TRIM($T48),ISE!$L:$L,INDEX(ISE!$N:$T,0,COLUMN()-COLUMN($U$1)+1),""))} | AA48: {=IF($T48="","",_xlfn.XLOOKUP(TRIM($T48),ISE!$L:$L,INDEX(ISE!$N:$T,0,COLUMN()-COLUMN($U$1)+1),""))}
U49: {=IF($T49="","",_xlfn.XLOOKUP(TRIM($T49),ISE!$L:$L,INDEX(ISE!$N:$T,0,COLUMN()-COLUMN($U$1)+1),""))} | V49: {=IF($T49="","",_xlfn.XLOOKUP(TRIM($T49),ISE!$L:$L,INDEX(ISE!$N:$T,0,COLUMN()-COLUMN($U$1)+1),""))} | W49: {=IF($T49="","",_xlfn.XLOOKUP(TRIM($T49),ISE!$L:$L,INDEX(ISE!$N:$T,0,COLUMN()-COLUMN($U$1)+1),""))} | X49: {=IF($T49="","",_xlfn.XLOOKUP(TRIM($T49),ISE!$L:$L,INDEX(ISE!$N:$T,0,COLUMN()-COLUMN($U$1)+1),""))} | Y49: {=IF($T49="","",_xlfn.XLOOKUP(TRIM($T49),ISE!$L:$L,INDEX(ISE!$N:$T,0,COLUMN()-COLUMN($U$1)+1),""))} | Z49: {=IF($T49="","",_xlfn.XLOOKUP(TRIM($T49),ISE!$L:$L,INDEX(ISE!$N:$T,0,COLUMN()-COLUMN($U$1)+1),""))} | AA49: {=IF($T49="","",_xlfn.XLOOKUP(TRIM($T49),ISE!$L:$L,INDEX(ISE!$N:$T,0,COLUMN()-COLUMN($U$1)+1),""))}
U50: {=IF($T50="","",_xlfn.XLOOKUP(TRIM($T50),ISE!$L:$L,INDEX(ISE!$N:$T,0,COLUMN()-COLUMN($U$1)+1),""))} | V50: {=IF($T50="","",_xlfn.XLOOKUP(TRIM($T50),ISE!$L:$L,INDEX(ISE!$N:$T,0,COLUMN()-COLUMN($U$1)+1),""))} | W50: {=IF($T50="","",_xlfn.XLOOKUP(TRIM($T50),ISE!$L:$L,INDEX(ISE!$N:$T,0,COLUMN()-COLUMN($U$1)+1),""))} | X50: {=IF($T50="","",_xlfn.XLOOKUP(TRIM($T50),ISE!$L:$L,INDEX(ISE!$N:$T,0,COLUMN()-COLUMN($U$1)+1),""))} | Y50: {=IF($T50="","",_xlfn.XLOOKUP(TRIM($T50),ISE!$L:$L,INDEX(ISE!$N:$T,0,COLUMN()-COLUMN($U$1)+1),""))} | Z50: {=IF($T50="","",_xlfn.XLOOKUP(TRIM($T50),ISE!$L:$L,INDEX(ISE!$N:$T,0,COLUMN()-COLUMN($U$1)+1),""))} | AA50: {=IF($T50="","",_xlfn.XLOOKUP(TRIM($T50),ISE!$L:$L,INDEX(ISE!$N:$T,0,COLUMN()-COLUMN($U$1)+1),""))}
U51: {=IF($T51="","",_xlfn.XLOOKUP(TRIM($T51),ISE!$L:$L,INDEX(ISE!$N:$T,0,COLUMN()-COLUMN($U$1)+1),""))} | V51: {=IF($T51="","",_xlfn.XLOOKUP(TRIM($T51),ISE!$L:$L,INDEX(ISE!$N:$T,0,COLUMN()-COLUMN($U$1)+1),""))} | W51: {=IF($T51="","",_xlfn.XLOOKUP(TRIM($T51),ISE!$L:$L,INDEX(ISE!$N:$T,0,COLUMN()-COLUMN($U$1)+1),""))} | X51: {=IF($T51="","",_xlfn.XLOOKUP(TRIM($T51),ISE!$L:$L,INDEX(ISE!$N:$T,0,COLUMN()-COLUMN($U$1)+1),""))} | Y51: {=IF($T51="","",_xlfn.XLOOKUP(TRIM($T51),ISE!$L:$L,INDEX(ISE!$N:$T,0,COLUMN()-COLUMN($U$1)+1),""))} | Z51: {=IF($T51="","",_xlfn.XLOOKUP(TRIM($T51),ISE!$L:$L,INDEX(ISE!$N:$T,0,COLUMN()-COLUMN($U$1)+1),""))} | AA51: {=IF($T51="","",_xlfn.XLOOKUP(TRIM($T51),ISE!$L:$L,INDEX(ISE!$N:$T,0,COLUMN()-COLUMN($U$1)+1),""))}
... U104: {=IF($T104="","",_xlfn.XLOOKUP(TRIM($T104),ISE!$L:$L,INDEX(ISE!$N:$T,0,COLUMN()-COLUMN($U$1)+1),""))} | V104: {=IF($T104="","",_xlfn.XLOOKUP(TRIM($T104),ISE!$L:$L,INDEX(ISE!$N:$T,0,COLUMN()-COLUMN($U$1)+1),""))} | W104: {=IF($T104="","",_xlfn.XLOOKUP(TRIM($T104),ISE!$L:$L,INDEX(ISE!$N:$T,0,COLUMN()-COLUMN($U$1)+1),""))} | X104: {=IF($T104="","",_xlfn.XLOOKUP(TRIM($T104),ISE!$L:$L,INDEX(ISE!$N:$T,0,COLUMN()-COLUMN($U$1)+1),""))} | Y104: {=IF($T104="","",_xlfn.XLOOKUP(TRIM($T104),ISE!$L:$L,INDEX(ISE!$N:$T,0,COLUMN()-COLUMN($U$1)+1),""))} | Z104: {=IF($T104="","",_xlfn.XLOOKUP(TRIM($T104),ISE!$L:$L,INDEX(ISE!$N:$T,0,COLUMN()-COLUMN($U$1)+1),""))} | AA104: {=IF($T104="","",_xlfn.XLOOKUP(TRIM($T104),ISE!$L:$L,INDEX(ISE!$N:$T,0,COLUMN()-COLUMN($U$1)+1),""))}

Sheet Sales
A1: 3811 Chirnside Park
A2: ########
B3: ########
B4: Date | C4: Date | D4: Date | E4: Date | F4: Date | H4: Date | I4: Date | J4: Date | K4: Date | L4: Date | N4: Date | O4: Date | P4: Date | Q4: Date | R4: Date | T4: Date | U4: Date | V4: Date | W4: Date | X4: Date | Z4: Date | AA4: Date | AB4: Date | AC4: Date | AD4: Date | AF4: Date | AG4: Date | AH4: Date | AI4: Date | AJ4: Date | AL4: Date | AM4: Date | AN4: Date | AO4: Date | AP4: Date
B5: Monday | C5: Monday | D5: Monday | E5: Monday | F5: Monday | G5: Average of Mondays | H5: Tuesday | I5: Tuesday | J5: Tuesday | K5: Tuesday | L5: Tuesday | M5: Average of Tuesdays | N5: Wednesday | O5: Wednesday | P5: Wednesday | Q5: Wednesday | R5: Wednesday | S5: Average of Wednesdays | T5: Thursday | U5: Thursday | V5: Thursday | W5: Thursday | X5: Thursday | Y5: Average of Thursdays | Z5: Friday | AA5: Friday | AB5: Friday | AC5: Friday | AD5: Friday | AE5: Average of Fridays | AF5: Saturday | AG5: Saturday | AH5: Saturday | AI5: Saturday | AJ5: Saturday | AK5: Average of Saturdays | AL5: Sunday | AM5: Sunday | AN5: Sunday | AO5: Sunday | AP5: Sunday | AQ5: Average of Sundays
B6: ######## | C6: ######## | D6: ######## | E6: 46209 | F6: ######## | H6: ######## | I6: ######## | J6: ######## | K6: 46210 | L6: ######## | N6: ######## | O6: ######## | P6: 46204 | Q6: 46211 | R6: ######## | T6: ######## | U6: ######## | V6: 46205 | W6: 46212 | X6: ######## | Z6: ######## | AA6: ######## | AB6: 46206 | AC6: ######## | AD6: ######## | AF6: ######## | AG6: ######## | AH6: 46207 | AI6: ######## | AJ6: ######## | AL6: ######## | AM6: ######## | AN6: ######## | AO6: 46208 | AP6: ########
A7: 00:00-1:00 | G7: 0 | M7: 0 | S7: 0 | Y7: 0 | AE7: 0 | AK7: 0 | AQ7: 0
A8: 1:00-2:00 | G8: 0 | M8: 0 | S8: 0 | Y8: 0 | AE8: 0 | AK8: 0 | AQ8: 0
A9: 2:00-3:00 | G9: 0 | M9: 0 | S9: 0 | Y9: 0 | AE9: 0 | AK9: 0 | AQ9: 0
A10: 3:00-4:00 | G10: 0 | M10: 0 | S10: 0 | Y10: 0 | AE10: 0 | AK10: 0 | AQ10: 0
A11: 4:00-5:00 | G11: 0 | M11: 0 | S11: 0 | Y11: 0 | AE11: 0 | AK11: 0 | AQ11: 0
A12: 5:00-6:00 | C12: 0 | D12: 0 | E12: 0 | F12: 0 | G12: 0 | H12: 0 | I12: 0 | J12: 0 | K12: 0 | L12: 0 | M12: 0 | N12: 0 | O12: 0 | P12: 0 | Q12: 0 | R12: 0 | S12: 0 | T12: 0 | U12: 0 | V12: 0 | W12: 0 | X12: 0 | Y12: 0 | Z12: 0 | AA12: 0 | AB12: 0 | AC12: 0 | AD12: 0 | AE12: 0 | AF12: 0 | AG12: 0 | AH12: 0 | AI12: 0 | AJ12: 0 | AK12: 0 | AM12: 0 | AN12: 0 | AO12: 0 | AP12: 0 | AQ12: 0
A13: 6:00-7:00 | C13: 0 | D13: 0 | E13: 0 | F13: 0 | G13: 0 | H13: 0 | I13: 0 | J13: 0 | K13: 0 | L13: 0 | M13: 0 | N13: 0 | O13: 0 | P13: 0 | Q13: 0 | R13: 0 | S13: 0 | T13: 0 | U13: 0 | V13: 0 | W13: 0 | X13: 0 | Y13: 0 | Z13: 0 | AA13: 0 | AB13: 0 | AC13: 0 | AD13: 0 | AE13: 0 | AF13: 0 | AG13: 0 | AH13: 0 | AI13: 0 | AJ13: 0 | AK13: 0 | AM13: 0 | AN13: 0 | AO13: 0 | AP13: 0 | AQ13: 0
A14: 7:00-8:00 | C14: 0 | D14: 0 | E14: 0 | F14: 0 | G14: 0 | H14: 0 | I14: 0 | J14: 0 | K14: 0 | L14: 0 | M14: 0 | N14: 0 | O14: 0 | P14: 0 | Q14: 0 | R14: 0 | S14: 0 | T14: 0 | U14: 0 | V14: 0 | W14: 0 | X14: 0 | Y14: 0 | Z14: 0 | AA14: 0 | AB14: 0 | AC14: 0 | AD14: 0 | AE14: 0 | AF14: 0 | AG14: 0 | AH14: 0 | AI14: 0 | AJ14: 0 | AK14: 0 | AM14: 0 | AN14: 0 | AO14: 0 | AP14: 0 | AQ14: 0
A15: 8:00-9:00 | C15: 0 | D15: 0 | E15: 0 | F15: 0 | G15: 0 | H15: 0 | I15: 0 | J15: 0 | K15: 0 | L15: 0 | M15: 0 | N15: 0 | O15: 0 | P15: 0 | Q15: 0 | R15: 0 | S15: 0 | T15: 0 | U15: 0 | V15: 0 | W15: 0 | X15: 0 | Y15: 0 | Z15: 0 | AA15: 0 | AB15: 0 | AC15: 0 | AD15: 0 | AE15: 0 | AF15: 0 | AG15: 0 | AH15: 0 | AI15: 0 | AJ15: 0 | AK15: 0 | AM15: 0 | AN15: 0 | AO15: 0 | AP15: 0 | AQ15: 0
A16: 9:00-10:00 | C16: 0 | D16: 0 | E16: 0 | F16: 0 | G16: 0 | H16: 0 | I16: 0 | J16: 0 | K16: 0 | L16: 22.68 | M16: 0 | N16: 18.14 | O16: 0 | P16: 0 | Q16: 0 | R16: 0 | S16: 0 | T16: 3.59 | U16: 0 | V16: 0 | W16: 0 | X16: 0 | Y16: 0 | Z16: 0 | AA16: 0 | AB16: 0 | AC16: 0 | AD16: 0 | AE16: 0 | AF16: 0 | AG16: 0 | AH16: 0 | AI16: 0 | AJ16: 0 | AK16: 0 | AM16: 0 | AN16: 0 | AO16: 0 | AP16: 0 | AQ16: 0
A17: 10:00-11:00 | B17: 125.19 | C17: 37.4 | D17: 52.07 | E17: 137.63 | F17: 182.47 | G17: 104.96 | H17: 104.08 | I17: 75.92 | J17: 138.4 | K17: 137.69 | L17: 183.1 | M17: 126.72 | N17: 139.28 | O17: 129.55 | P17: 185.19 | Q17: 90.57 | R17: 179.69 | S17: 149.51 | T17: 105.49 | U17: 130.96 | V17: 229.47 | W17: 143.28 | X17: 155.23 | Y17: 143.16 | Z17: 62.51 | AA17: 167.75 | AB17: 121.52 | AC17: 79.76 | AD17: 93.74 | AE17: 98.34 | AF17: 293.55 | AG17: 109.68 | AH17: 162.87 | AI17: 91.63 | AJ17: 131.63 | AK17: 134.73 | AL17: 202.77 | AM17: 308.15 | AN17: 268.22 | AO17: 124.05 | AP17: 299.7 | AQ17: 256.9
A18: 11:00-12:00 | B18: 300.44 | C18: 330.91 | D18: 383.41 | E18: 197.45 | F18: 120.78 | G18: 276.27 | H18: 300.29 | I18: 224.96 | J18: 576.61 | K18: 278.25 | L18: 256.5 | M18: 278.35 | N18: 200.72 | O18: 342.91 | P18: 319.45 | Q18: 303.78 | R18: 610.99 | S18: 322.05 | T18: 106.01 | U18: 357.36 | V18: 325.34 | W18: 314.49 | X18: 174.14 | Y18: 271.32 | Z18: 259.75 | AA18: 338.71 | AB18: 262.13 | AC18: 365.15 | AD18: 216.91 | AE18: 286.86 | AF18: 300.27 | AG18: 368.28 | AH18: 544.47 | AI18: 249.74 | AJ18: 410.72 | AK18: 359.76 | AL18: 390.13 | AM18: 259.19 | AN18: 461.54 | AO18: 312.13 | AP18: 476.27 | AQ18: 387.93
A19: 12:00-13:00 | B19: 363.15 | C19: 321.1 | D19: 536.17 | E19: 629.74 | F19: 478.68 | G19: 459.33 | H19: 589.99 | I19: 571.25 | J19: 250.33 | K19: 490.29 | L19: 532.19 | M19: 531.24 | N19: 582.88 | O19: 328.42 | P19: 883.12 | Q19: 778.46 | R19: 444.38 | S19: 601.91 | T19: 624.85 | U19: 395.33 | V19: 894.47 | W19: 420.75 | X19: 469.37 | Y19: 504.99 | Z19: 535.13 | AA19: 580.43 | AB19: 579.58 | AC19: 758.38 | AD19: 812.78 | AE19: 639.46 | AF19: 566.67 | AG19: 441.87 | AH19: 660.25 | AI19: 575.79 | AJ19: 655.87 | AK19: 599.44 | AL19: 725.13 | AM19: 1040.65 | AN19: 520.86 | AO19: 496.31 | AP19: 627.98 | AQ19: 624.66
A20: 13:00-14:00 | B20: 422.55 | C20: 456.21 | D20: 511.22 | E20: 628.89 | F20: 483.7 | G20: 483.71 | H20: 354.98 | I20: 415.11 | J20: 570.33 | K20: 619.62 | L20: 410.11 | M20: 465.18 | N20: 398.39 | O20: 309.96 | P20: 619.8 | Q20: 563.87 | R20: 478.41 | S20: 480.22 | T20: 388.42 | U20: 540.69 | V20: 504.51 | W20: 538.05 | X20: 662.42 | Y20: 527.75 | Z20: 470.62 | AA20: 537.5 | AB20: 532.45 | AC20: 578.92 | AD20: 386.56 | AE20: 513.52 | AF20: 803.53 | AG20: 823.02 | AH20: 627.37 | AI20: 587.95 | AJ20: 603.29 | AK20: 678.06 | AL20: 641.16 | AM20: 703.87 | AN20: 860.34 | AO20: 852.63 | AP20: 786.09 | AQ20: 780.86
A21: 14:00-15:00 | B21: 253.59 | C21: 374.53 | D21: 446.98 | E21: 317.28 | F21: 305.28 | G21: 332.36 | H21: 228.6 | I21: 388.48 | J21: 373.66 | K21: 421.83 | L21: 251.78 | M21: 337.97 | N21: 232.93 | O21: 228.14 | P21: 428.23 | Q21: 393.85 | R21: 333.81 | S21: 320.2 | T21: 173.87 | U21: 263.05 | V21: 295.33 | W21: 382.51 | X21: 189.18 | Y21: 249.19 | Z21: 292.31 | AA21: 413.63 | AB21: 374.46 | AC21: 547.25 | AD21: 311.71 | AE21: 366.6 | AF21: 673.68 | AG21: 524.22 | AH21: 509.17 | AI21: 776.05 | AJ21: 803.38 | AK21: 657.98 | AL21: 632.42 | AM21: 529.24 | AN21: 515.49 | AO21: 597.51 | AP21: 596.35 | AQ21: 574.37
A22: 15:00-16:00 | B22: 169.3 | C22: 390.36 | D22: 345.69 | E22: 293.36 | F22: 263.62 | G22: 300.89 | H22: 221.82 | I22: 163.18 | J22: 287.16 | K22: 153.37 | L22: 366.44 | M22: 224.05 | N22: 149.31 | O22: 248.79 | P22: 303.59 | Q22: 407.44 | R22: 345.73 | S22: 299.37 | T22: 275.08 | U22: 273.41 | V22: 202.25 | W22: 469.7 | X22: 414.6 | Y22: 321.03 | Z22: 392.52 | AA22: 373.72 | AB22: 303.02 | AC22: 278.08 | AD22: 279.51 | AE22: 318.75 | AF22: 457.64 | AG22: 591.79 | AH22: 248.32 | AI22: 503.29 | AJ22: 759.09 | AK22: 517.57 | AL22: 580.96 | AM22: 427.47 | AN22: 452.11 | AO22: 292.95 | AP22: 460.79 | AQ22: 446.79
A23: 16:00-17:00 | B23: 334.22 | C23: 170.36 | D23: 358.05 | E23: 234.6 | F23: 325.15 | G23: 297.99 | H23: 315.62 | I23: 279.7 | J23: 328.1 | K23: 427.51 | L23: 223.29 | M23: 307.81 | N23: 316.47 | O23: 318.77 | P23: 292.78 | Q23: 351.38 | R23: 554.87 | S23: 328.87 | T23: 328.54 | U23: 292.81 | V23: 409.31 | W23: 417.55 | X23: 250.73 | Y23: 343.55 | Z23: 336.06 | AA23: 237.8 | AB23: 267.62 | AC23: 346.78 | AD23: 348.17 | AE23: 316.82 | AF23: 538.76 | AG23: 365.92 | AH23: 387.34 | AI23: 351.81 | AJ23: 427.41 | AK23: 393.56 | AL23: 389.65 | AM23: 471.02 | AN23: 411.2 | AO23: 649.92 | AP23: 596.4 | AQ23: 492.87
A24: 17:00-18:00 | B24: 388.45 | C24: 368.21 | D24: 524.52 | E24: 390.73 | F24: 627.03 | G24: 434.57 | H24: 564.68 | I24: 392.13 | J24: 474.72 | K24: 640.98 | L24: 374.98 | M24: 477.18 | N24: 389.31 | O24: 606.84 | P24: 606.28 | Q24: 502.02 | R24: 693.98 | S24: 571.71 | T24: 543.73 | U24: 674.97 | V24: 576.89 | W24: 716.53 | X24: 604.04 | Y24: 618.63 | Z24: 733.91 | AA24: 861.38 | AB24: 1177.71 | AC24: 827.78 | AD24: 1070.99 | AE24: 920.05 | AF24: 1119.84 | AG24: 1140.49 | AH24: 716.77 | AI24: 1067.95 | AJ24: 604.32 | AK24: 968.19 | AL24: 691.6 | AM24: 601.58 | AN24: 943.39 | AO24: 663.38 | AP24: 662.89 | AQ24: 672.62
A25: 18:00-19:00 | B25: 918.44 | C25: 585.69 | D25: 508.72 | E25: 885.33 | F25: 853.7 | G25: 774.91 | H25: 671.54 | I25: 457.28 | J25: 768.48 | K25: 632.02 | L25: 634.41 | M25: 645.99 | N25: 694.61 | O25: 702.27 | P25: 975.87 | Q25: 954.45 | R25: 930.69 | S25: 862.47 | T25: 763.03 | U25: 962.05 | V25: 846.8 | W25: 882.15 | X25: 994.28 | Y25: 897 | Z25: 1096.2 | AA25: 1564.14 | AB25: 1749.3 | AC25: 1482.95 | AD25: 1340.59 | AE25: 1462.56 | AF25: 969.79 | AG25: 1111.34 | AH25: 1002.08 | AI25: 926.73 | AJ25: 1210.94 | AK25: 1027.74 | AL25: 699.59 | AM25: 664.6 | AN25: 945.88 | AO25: 1089.61 | AP25: 868.43 | AQ25: 837.97
A26: 19:00-20:00 | B26: 568.61 | C26: 580.62 | D26: 601.37 | E26: 627.69 | F26: 389.09 | G26: 583.53 | H26: 382.19 | I26: 556.36 | J26: 555.4 | K26: 566.52 | L26: 437.57 | M26: 516.44 | N26: 642.82 | O26: 821.39 | P26: 876.8 | Q26: 624.79 | R26: 383.09 | S26: 696.33 | T26: 476.35 | U26: 674.42 | V26: 666.95 | W26: 796.05 | X26: 813.14 | Y26: 712.47 | Z26: 1038.17 | AA26: 1054.27 | AB26: 1178.9 | AC26: 1194.33 | AD26: 1395.73 | AE26: 1142.5 | AF26: 702.22 | AG26: 1102.22 | AH26: 1091.58 | AI26: 871.41 | AJ26: 852.87 | AK26: 938.62 | AL26: 699.32 | AM26: 689.22 | AN26: 361.6 | AO26: 851.41 | AP26: 535.48 | AQ26: 641.34
A27: 20:00-21:00 | B27: 215.5 | C27: 307.32 | D27: 583.24 | E27: 369.14 | F27: 175.63 | G27: 297.32 | H27: 334.72 | I27: 280.97 | J27: 494.63 | K27: 629.62 | L27: 422.97 | M27: 417.44 | N27: 422.76 | O27: 383.7 | P27: 385.77 | Q27: 552.5 | R27: 299.74 | S27: 397.41 | T27: 277.15 | U27: 623.07 | V27: 517.44 | W27: 549.13 | X27: 298.86 | Y27: 455.14 | Z27: 664.06 | AA27: 457.74 | AB27: 448.13 | AC27: 657.74 | AD27: 895.36 | AE27: 593.18 | AF27: 487.63 | AG27: 606.29 | AH27: 683.44 | AI27: 240.78 | AJ27: 743.5 | AK27: 592.45 | AL27: 346 | AM27: 469.65 | AN27: 441.26 | AO27: 392.4 | AP27: 310.84 | AQ27: 393.22
A28: 21:00-22:00 | B28: 197.45 | C28: 114.82 | D28: 269.67 | E28: 75.65 | F28: 260.02 | G28: 190.76 | H28: 232.99 | I28: 308.71 | J28: 326.57 | K28: 261 | L28: 304.12 | M28: 291.28 | N28: 189.01 | O28: 388.8 | P28: 192.11 | Q28: 128.45 | R28: 207 | S28: 196.04 | T28: 319.27 | U28: 262.36 | V28: 206.02 | W28: 508.94 | X28: 401.29 | Y28: 327.64 | Z28: 275.2 | AA28: 374.73 | AB28: 359.92 | AC28: 250.82 | AD28: 336.81 | AE28: 323.98 | AF28: 396.93 | AG28: 130.91 | AH28: 213.42 | AI28: 263.81 | AJ28: 202.78 | AK28: 226.67 | AL28: 173.36 | AM28: 115.46 | AN28: 109.89 | AO28: 71.76 | AP28: 118.85 | AQ28: 114.73
A29: 22:00-23:00 | C29: 0 | D29: 0 | E29: 0 | F29: 30.77 | G29: 0 | H29: 0 | I29: 0 | J29: 0 | K29: 0 | L29: 0 | M29: 0 | N29: 0 | O29: 0 | P29: 0 | Q29: 0 | R29: 0 | S29: 0 | T29: 0 | U29: 0 | V29: 0 | W29: 0 | X29: 0 | Y29: 0 | Z29: 0 | AA29: 0 | AB29: 0 | AC29: 0 | AD29: 0 | AE29: 0 | AF29: 0 | AG29: 0 | AH29: 0 | AI29: 0 | AJ29: 0 | AK29: 0 | AM29: 0 | AN29: 0 | AO29: 0 | AP29: 0 | AQ29: 0
A30: 23:00-24:00 | C30: 0 | D30: 0 | E30: 0 | F30: 0 | G30: 0 | H30: 0 | I30: 0 | J30: 0 | K30: 0 | L30: 0 | M30: 0 | N30: 0 | O30: 0 | P30: 0 | Q30: 0 | R30: 0 | S30: 0 | T30: 0 | U30: 0 | V30: 0 | W30: 0 | X30: 0 | Y30: 0 | Z30: 0 | AA30: 0 | AB30: 0 | AC30: 0 | AD30: 0 | AE30: 0 | AF30: 0 | AG30: 0 | AH30: 0 | AI30: 0 | AJ30: 0 | AK30: 0 | AM30: 0 | AN30: 0 | AO30: 0 | AP30: 0 | AQ30: 0

Sheet Sheet1
A1: Sales
B2: 1 week ago | C2: 2 weeks ago | D2: 3 weeks ago | E2: 4 weeks ago | F2: 5 weeks ago
B3: 46195 | C3: 46188 | D3: 46181 | E3: 46174 | F3: 46167
A4: Total | B4: 9637.81 | C4: 6272.16 | D4: 7088.61 | E4: 5337.66 | F4: 4747.27
A5: 5am | B5: 0 | C5: 0 | D5: 0 | E5: 0 | F5: 0
A6: 6am | B6: 0 | C6: 0 | D6: 0 | E6: 0 | F6: 0
A7: 7am | B7: 0 | C7: 0 | D7: 0 | E7: 0 | F7: 0
A8: 8am | B8: 0 | C8: 0 | D8: 0 | E8: 0 | F8: 0
A9: 9am | B9: 0 | C9: 0 | D9: 0 | E9: 0 | F9: 0
A10: 10am | B10: 212.32 | C10: 221.11 | D10: 109.91 | E10: 137.74 | F10: 245
A11: 11am | B11: 559.78 | C11: 217.45 | D11: 455.12 | E11: 253.06 | F11: 249.83
A12: 12pm | B12: 897.62 | C12: 814.15 | D12: 455.03 | E12: 731.21 | F12: 504.96
A13: 1pm | B13: 732.71 | C13: 796.57 | D13: 359.56 | E13: 491.77 | F13: 354.64
A14: 2pm | B14: 852.08 | C14: 749 | D14: 586.81 | E14: 575.92 | F14: 361.34
A15: 3pm | B15: 982.72 | C15: 390.17 | D15: 611.73 | E15: 364 | F15: 339.31
... A28: 4am | B28: 0 | C28: 0 | D28: 0 | E28: 0 | F28: 0

Sheet Product Block Sales
A1: Item | B1: Cook Block | C1: Monday | D1: Tuesday | E1: Wednesday | F1: Thursday | G1: Friday | H1: Saturday | I1: Sunday | J1: Week Total
A2: MEAT BEEF COOKED | B2: 8:45 | C2: =SUM(IFERROR(Calculations!U$17*Calculations!L28/SUM(Calculations!L$28:L$32),0)*$L$3) -> 1.7385445 | D2: =SUM(IFERROR(Calculations!V$17*Calculations!M$28/SUM(Calculations!M$28:M$32),0)*$L$3) -> 0.99010432 | E2: =SUM(IFERROR(Calculations!W$17*Calculations!N$28/SUM(Calculations!N$28:N$32),0)*$L$3) -> 0.97987194 | F2: =SUM(IFERROR(Calculations!X$17*Calculations!O$28/SUM(Calculations!O$28:O$32),0)*$L$3) -> 1.0068208 | G2: =SUM(IFERROR(Calculations!Y$17*Calculations!P$28/SUM(Calculations!P$28:P$32),0)*$L$3) -> 0.74930364 | H2: =SUM(IFERROR(Calculations!Z$17*Calculations!Q$28/SUM(Calculations!Q$28:Q$32),0)*$L$3) -> 0.89012824 | I2: =SUM(IFERROR(Calculations!AA$17*Calculations!R$28/SUM(Calculations!R$28:R$32),0)*$L$3) -> 0.83754564 | J2: =SUM(C2:I2) -> 7.1923191 | L2: Sales Multiplier
A3: MEAT BEEF COOKED | B3: 10:30 | C3: =SUM(IFERROR(Calculations!U$17*Calculations!L29/SUM(Calculations!L$28:L$32),0)*$L$3) -> 2.8329008 | D3: =SUM(IFERROR(Calculations!V$17*Calculations!M29/SUM(Calculations!M$28:M$32),0)*$L$3) -> 2.8141925 | E3: =SUM(IFERROR(Calculations!W$17*Calculations!N29/SUM(Calculations!N$28:N$32),0)*$L$3) -> 2.7431268 | F3: =SUM(IFERROR(Calculations!X$17*Calculations!O29/SUM(Calculations!O$28:O$32),0)*$L$3) -> 3.324954 | G3: =SUM(IFERROR(Calculations!Y$17*Calculations!P29/SUM(Calculations!P$28:P$32),0)*$L$3) -> 2.9362896 | H3: =SUM(IFERROR(Calculations!Z$17*Calculations!Q29/SUM(Calculations!Q$28:Q$32),0)*$L$3) -> 3.2198003 | I3: =SUM(IFERROR(Calculations!AA$17*Calculations!R29/SUM(Calculations!R$28:R$32),0)*$L$3) -> 2.7339143 | J3: =SUM(C3:I3) -> 20.605178 | L3: ='Prep Guide'!B4/_xlfn.XLOOKUP('Prep Guide'!H4,Calculations!C6:I6,Calculations!C24:I24) -> 0.97734091 | N3: <24
A4: MEAT BEEF COOKED | B4: 14:00 | C4: =SUM(IFERROR(Calculations!U$17*Calculations!L30/SUM(Calculations!L$28:L$32),0)*$L$3) -> 2.31892 | D4: =SUM(IFERROR(Calculations!V$17*Calculations!M30/SUM(Calculations!M$28:M$32),0)*$L$3) -> 2.2682517 | E4: =SUM(IFERROR(Calculations!W$17*Calculations!N30/SUM(Calculations!N$28:N$32),0)*$L$3) -> 2.3839805 | F4: =SUM(IFERROR(Calculations!X$17*Calculations!O30/SUM(Calculations!O$28:O$32),0)*$L$3) -> 3.1806399 | G4: =SUM(IFERROR(Calculations!Y$17*Calculations!P30/SUM(Calculations!P$28:P$32),0)*$L$3) -> 2.9832522 | H4: =SUM(IFERROR(Calculations!Z$17*Calculations!Q30/SUM(Calculations!Q$28:Q$32),0)*$L$3) -> 3.1023451 | I4: =SUM(IFERROR(Calculations!AA$17*Calculations!R30/SUM(Calculations!R$28:R$32),0)*$L$3) -> 2.2396405 | J4: =SUM(C4:I4) -> 18.47703
A5: MEAT BEEF COOKED | B5: 15:30 | C5: =SUM(IFERROR(Calculations!U$17*Calculations!L31/SUM(Calculations!L$28:L$32),0)*$L$3) -> 2.716889 | D5: =SUM(IFERROR(Calculations!V$17*Calculations!M31/SUM(Calculations!M$28:M$32),0)*$L$3) -> 3.527996 | E5: =SUM(IFERROR(Calculations!W$17*Calculations!N31/SUM(Calculations!N$28:N$32),0)*$L$3) -> 4.0748375 | F5: =SUM(IFERROR(Calculations!X$17*Calculations!O31/SUM(Calculations!O$28:O$32),0)*$L$3) -> 5.4199788 | G5: =SUM(IFERROR(Calculations!Y$17*Calculations!P31/SUM(Calculations!P$28:P$32),0)*$L$3) -> 6.7646668 | H5: =SUM(IFERROR(Calculations!Z$17*Calculations!Q31/SUM(Calculations!Q$28:Q$32),0)*$L$3) -> 4.8438688 | I5: =SUM(IFERROR(Calculations!AA$17*Calculations!R31/SUM(Calculations!R$28:R$32),0)*$L$3) -> 2.9612313 | J5: =SUM(C5:I5) -> 30.309468 | L5: ='Prep Guide'!B4/_xlfn.XLOOKUP('Prep Guide'!H4,Calculations!C6:I6,Calculations!C35:I35) -> 0.87646019 | N5: <35
A6: MEAT BEEF COOKED | B6: 19:00 | C6: =SUM(IFERROR(Calculations!U$17*Calculations!L32/SUM(Calculations!L$28:L$32),0)*$L$3) -> 0.66655329 | D6: =SUM(IFERROR(Calculations!V$17*Calculations!M32/SUM(Calculations!M$28:M$32),0)*$L$3) -> 1.564598 | E6: =SUM(IFERROR(Calculations!W$17*Calculations!N32/SUM(Calculations!N$28:N$32),0)*$L$3) -> 1.233525 | F6: =SUM(IFERROR(Calculations!X$17*Calculations!O32/SUM(Calculations!O$28:O$32),0)*$L$3) -> 1.9544633 | G6: =SUM(IFERROR(Calculations!Y$17*Calculations!P32/SUM(Calculations!P$28:P$32),0)*$L$3) -> 1.7973685 | H6: =SUM(IFERROR(Calculations!Z$17*Calculations!Q32/SUM(Calculations!Q$28:Q$32),0)*$L$3) -> 1.3269123 | I6: =SUM(IFERROR(Calculations!AA$17*Calculations!R32/SUM(Calculations!R$28:R$32),0)*$L$3) -> 0.68832825 | J6: =SUM(C6:I6) -> 9.2317486
A7: MEAT CHICKEN COOKED | B7: 8:45 | C7: =SUM(IFERROR(Calculations!U$18*Calculations!L28/SUM(Calculations!L$28:L$32),0)*$L$3) -> 2.4450762 | D7: =SUM(IFERROR(Calculations!V$18*Calculations!M28/SUM(Calculations!M$28:M$32),0)*$L$3) -> 1.2826982 | E7: =SUM(IFERROR(Calculations!W$18*Calculations!N28/SUM(Calculations!N$28:N$32),0)*$L$3) -> 1.3087331 | F7: =SUM(IFERROR(Calculations!X$18*Calculations!O28/SUM(Calculations!O$28:O$32),0)*$L$3) -> 1.4488913 | G7: =SUM(IFERROR(Calculations!Y$18*Calculations!P28/SUM(Calculations!P$28:P$32),0)*$L$3) -> 1.034716 | H7: =SUM(IFERROR(Calculations!Z$18*Calculations!Q28/SUM(Calculations!Q$28:Q$32),0)*$L$3) -> 1.2784218 | I7: =SUM(IFERROR(Calculations!AA$18*Calculations!R28/SUM(Calculations!R$28:R$32),0)*$L$3) -> 1.1074984 | J7: =SUM(C7:I7) -> 9.9060349
A8: MEAT CHICKEN COOKED | B8: 10:30 | C8: =SUM(IFERROR(Calculations!U$18*Calculations!L29/SUM(Calculations!L$28:L$32),0)*$L$3) -> 3.984171 | D8: =SUM(IFERROR(Calculations!V$18*Calculations!M29/SUM(Calculations!M$28:M$32),0)*$L$3) -> 3.6458376 | E8: =SUM(IFERROR(Calculations!W$18*Calculations!N29/SUM(Calculations!N$28:N$32),0)*$L$3) -> 3.6637653 | F8: =SUM(IFERROR(Calculations!X$18*Calculations!O29/SUM(Calculations!O$28:O$32),0)*$L$3) -> 4.7848603 | G8: =SUM(IFERROR(Calculations!Y$18*Calculations!P29/SUM(Calculations!P$28:P$32),0)*$L$3) -> 4.0547326 | H8: =SUM(IFERROR(Calculations!Z$18*Calculations!Q29/SUM(Calculations!Q$28:Q$32),0)*$L$3) -> 4.6243481 | I8: =SUM(IFERROR(Calculations!AA$18*Calculations!R29/SUM(Calculations!R$28:R$32),0)*$L$3) -> 3.6150933 | J8: =SUM(C8:I8) -> 28.372808
A9: MEAT CHICKEN COOKED | B9: 14:00 | C9: =SUM(IFERROR(Calculations!U$18*Calculations!L30/SUM(Calculations!L$28:L$32),0)*$L$3) -> 3.2613122 | D9: =SUM(IFERROR(Calculations!V$18*Calculations!M30/SUM(Calculations!M$28:M$32),0)*$L$3) -> 2.9385613 | E9: =SUM(IFERROR(Calculations!W$18*Calculations!N30/SUM(Calculations!N$28:N$32),0)*$L$3) -> 3.1840836 | F9: =SUM(IFERROR(Calculations!X$18*Calculations!O30/SUM(Calculations!O$28:O$32),0)*$L$3) -> 4.5771814 | G9: =SUM(IFERROR(Calculations!Y$18*Calculations!P30/SUM(Calculations!P$28:P$32),0)*$L$3) -> 4.1195834 | H9: =SUM(IFERROR(Calculations!Z$18*Calculations!Q30/SUM(Calculations!Q$28:Q$32),0)*$L$3) -> 4.4556564 | I9: =SUM(IFERROR(Calculations!AA$18*Calculations!R30/SUM(Calculations!R$28:R$32),0)*$L$3) -> 2.9615081 | J9: =SUM(C9:I9) -> 25.497886
A10: MEAT CHICKEN COOKED | B10: 15:30 | C10: =SUM(IFERROR(Calculations!U$18*Calculations!L31/SUM(Calculations!L$28:L$32),0)*$L$3) -> 3.8210129 | D10: =SUM(IFERROR(Calculations!V$18*Calculations!M31/SUM(Calculations!M$28:M$32),0)*$L$3) -> 4.5705831 | E10: =SUM(IFERROR(Calculations!W$18*Calculations!N31/SUM(Calculations!N$28:N$32),0)*$L$3) -> 5.44242 | F10: =SUM(IFERROR(Calculations!X$18*Calculations!O31/SUM(Calculations!O$28:O$32),0)*$L$3) -> 7.7997594 | G10: =SUM(IFERROR(Calculations!Y$18*Calculations!P31/SUM(Calculations!P$28:P$32),0)*$L$3) -> 9.341352 | H10: =SUM(IFERROR(Calculations!Z$18*Calculations!Q31/SUM(Calculations!Q$28:Q$32),0)*$L$3) -> 6.956871 | I10: =SUM(IFERROR(Calculations!AA$18*Calculations!R31/SUM(Calculations!R$28:R$32),0)*$L$3) -> 3.9156778 | J10: =SUM(C10:I10) -> 41.847676
A11: MEAT CHICKEN COOKED | B11: 19:00 | C11: =SUM(IFERROR(Calculations!U$18*Calculations!L32/SUM(Calculations!L$28:L$32),0)*$L$3) -> 0.93743568 | D11: =SUM(IFERROR(Calculations!V$18*Calculations!M32/SUM(Calculations!M$28:M$32),0)*$L$3) -> 2.0269652 | E11: =SUM(IFERROR(Calculations!W$18*Calculations!N32/SUM(Calculations!N$28:N$32),0)*$L$3) -> 1.6475162 | F11: =SUM(IFERROR(Calculations!X$18*Calculations!O32/SUM(Calculations!O$28:O$32),0)*$L$3) -> 2.8126205 | G11: =SUM(IFERROR(Calculations!Y$18*Calculations!P32/SUM(Calculations!P$28:P$32),0)*$L$3) -> 2.4819924 | H11: =SUM(IFERROR(Calculations!Z$18*Calculations!Q32/SUM(Calculations!Q$28:Q$32),0)*$L$3) -> 1.9057406 | I11: =SUM(IFERROR(Calculations!AA$18*Calculations!R32/SUM(Calculations!R$28:R$32),0)*$L$3) -> 0.91018611 | J11: =SUM(C11:I11) -> 12.722457
A12: BEANS BLACK COOKED | B12: 8:45 | C12: =SUM(IFERROR(Calculations!U$19*Calculations!L28/SUM(Calculations!L$28:L$32),0)*$L$3) -> 0.82362552 | D12: =SUM(IFERROR(Calculations!V$19*Calculations!M28/SUM(Calculations!M$28:M$32),0)*$L$3) -> 0.59905472 | E12: =SUM(IFERROR(Calculations!W$19*Calculations!N28/SUM(Calculations!N$28:N$32),0)*$L$3) -> 0.53557384 | F12: =SUM(IFERROR(Calculations!X$19*Calculations!O28/SUM(Calculations!O$28:O$32),0)*$L$3) -> 0.63772368 | G12: =SUM(IFERROR(Calculations!Y$19*Calculations!P28/SUM(Calculations!P$28:P$32),0)*$L$3) -> 0.43388835 | H12: =SUM(IFERROR(Calculations!Z$19*Calculations!Q28/SUM(Calculations!Q$28:Q$32),0)*$L$3) -> 0.48450451 | I12: =SUM(IFERROR(Calculations!AA$19*Calculations!R28/SUM(Calculations!R$28:R$32),0)*$L$3) -> 0.55859449 | J12: =SUM(C12:I12) -> 4.0729651
A13: BEANS BLACK COOKED | B13: 10:30 | C13: =SUM(IFERROR(Calculations!U$19*Calculations!L29/SUM(Calculations!L$28:L$32),0)*$L$3) -> 1.3420706 | D13: =SUM(IFERROR(Calculations!V$19*Calculations!M29/SUM(Calculations!M$28:M$32),0)*$L$3) -> 1.7027047 | E13: =SUM(IFERROR(Calculations!W$19*Calculations!N29/SUM(Calculations!N$28:N$32),0)*$L$3) -> 1.4993255 | F13: =SUM(IFERROR(Calculations!X$19*Calculations!O29/SUM(Calculations!O$28:O$32),0)*$L$3) -> 2.106037 | G13: =SUM(IFERROR(Calculations!Y$19*Calculations!P29/SUM(Calculations!P$28:P$32),0)*$L$3) -> 1.7002745 | H13: =SUM(IFERROR(Calculations!Z$19*Calculations!Q29/SUM(Calculations!Q$28:Q$32),0)*$L$3) -> 1.7525652 | I13: =SUM(IFERROR(Calculations!AA$19*Calculations!R29/SUM(Calculations!R$28:R$32),0)*$L$3) -> 1.8233627 | J13: =SUM(C13:I13) -> 11.92634
A14: BEANS BLACK COOKED | B14: 14:00 | C14: =SUM(IFERROR(Calculations!U$19*Calculations!L30/SUM(Calculations!L$28:L$32),0)*$L$3) -> 1.0985751 | D14: =SUM(IFERROR(Calculations!V$19*Calculations!M30/SUM(Calculations!M$28:M$32),0)*$L$3) -> 1.3723876 | E14: =SUM(IFERROR(Calculations!W$19*Calculations!N30/SUM(Calculations!N$28:N$32),0)*$L$3) -> 1.303025 | F14: =SUM(IFERROR(Calculations!X$19*Calculations!O30/SUM(Calculations!O$28:O$32),0)*$L$3) -> 2.014628 | G14: =SUM(IFERROR(Calculations!Y$19*Calculations!P30/SUM(Calculations!P$28:P$32),0)*$L$3) -> 1.7274684 | H14: =SUM(IFERROR(Calculations!Z$19*Calculations!Q30/SUM(Calculations!Q$28:Q$32),0)*$L$3) -> 1.6886333 | I14: =SUM(IFERROR(Calculations!AA$19*Calculations!R30/SUM(Calculations!R$28:R$32),0)*$L$3) -> 1.4937106 | J14: =SUM(C14:I14) -> 10.698428
A15: BEANS BLACK COOKED | B15: 15:30 | C15: =SUM(IFERROR(Calculations!U$19*Calculations!L31/SUM(Calculations!L$28:L$32),0)*$L$3) -> 1.2871107 | D15: =SUM(IFERROR(Calculations!V$19*Calculations!M31/SUM(Calculations!M$28:M$32),0)*$L$3) -> 2.1345858 | E15: =SUM(IFERROR(Calculations!W$19*Calculations!N31/SUM(Calculations!N$28:N$32),0)*$L$3) -> 2.2272057 | F15: =SUM(IFERROR(Calculations!X$19*Calculations!O31/SUM(Calculations!O$28:O$32),0)*$L$3) -> 3.4330328 | G15: =SUM(IFERROR(Calculations!Y$19*Calculations!P31/SUM(Calculations!P$28:P$32),0)*$L$3) -> 3.9171171 | H15: =SUM(IFERROR(Calculations!Z$19*Calculations!Q31/SUM(Calculations!Q$28:Q$32),0)*$L$3) -> 2.6365598 | I15: =SUM(IFERROR(Calculations!AA$19*Calculations!R31/SUM(Calculations!R$28:R$32),0)*$L$3) -> 1.97497 | J15: =SUM(C15:I15) -> 17.610582
A16: BEANS BLACK COOKED | B16: 19:00 | C16: =SUM(IFERROR(Calculations!U$19*Calculations!L32/SUM(Calculations!L$28:L$32),0)*$L$3) -> 0.31577582 | D16: =SUM(IFERROR(Calculations!V$19*Calculations!M32/SUM(Calculations!M$28:M$32),0)*$L$3) -> 0.94664754 | E16: =SUM(IFERROR(Calculations!W$19*Calculations!N32/SUM(Calculations!N$28:N$32),0)*$L$3) -> 0.67421433 | F16: =SUM(IFERROR(Calculations!X$19*Calculations!O32/SUM(Calculations!O$28:O$32),0)*$L$3) -> 1.2379636 | G16: =SUM(IFERROR(Calculations!Y$19*Calculations!P32/SUM(Calculations!P$28:P$32),0)*$L$3) -> 1.040776 | H16: =SUM(IFERROR(Calculations!Z$19*Calculations!Q32/SUM(Calculations!Q$28:Q$32),0)*$L$3) -> 0.72224986 | I16: =SUM(IFERROR(Calculations!AA$19*Calculations!R32/SUM(Calculations!R$28:R$32),0)*$L$3) -> 0.45907512 | J16: =SUM(C16:I16) -> 5.3967023
A17: SAUCE NACHO CHEESE | B17: 8:45 | C17: =SUM(IFERROR(Calculations!U$20*Calculations!L28/SUM(Calculations!L$28:L$32),0)*$L$3) -> 0.81171768 | D17: =SUM(IFERROR(Calculations!V$20*Calculations!M28/SUM(Calculations!M$28:M$32),0)*$L$3) -> 0.49297211 | E17: =SUM(IFERROR(Calculations!W$20*Calculations!N28/SUM(Calculations!N$28:N$32),0)*$L$3) -> 0.47819093 | F17: =SUM(IFERROR(Calculations!X$20*Calculations!O28/SUM(Calculations!O$28:O$32),0)*$L$3) -> 0.49574291 | G17: =SUM(IFERROR(Calculations!Y$20*Calculations!P28/SUM(Calculations!P$28:P$32),0)*$L$3) -> 0.34214866 | H17: =SUM(IFERROR(Calculations!Z$20*Calculations!Q28/SUM(Calculations!Q$28:Q$32),0)*$L$3) -> 0.44506629 | I17: =SUM(IFERROR(Calculations!AA$20*Calculations!R28/SUM(Calculations!R$28:R$32),0)*$L$3) -> 0.40596737 | J17: =SUM(C17:I17) -> 3.4718059
A18: SAUCE NACHO CHEESE | B18: 10:30 | C18: =SUM(IFERROR(Calculations!U$20*Calculations!L29/SUM(Calculations!L$28:L$32),0)*$L$3) -> 1.3226672 | D18: =SUM(IFERROR(Calculations!V$20*Calculations!M29/SUM(Calculations!M$28:M$32),0)*$L$3) -> 1.4011841 | E18: =SUM(IFERROR(Calculations!W$20*Calculations!N29/SUM(Calculations!N$28:N$32),0)*$L$3) -> 1.3386835 | F18: =SUM(IFERROR(Calculations!X$20*Calculations!O29/SUM(Calculations!O$28:O$32),0)*$L$3) -> 1.6371557 | G18: =SUM(IFERROR(Calculations!Y$20*Calculations!P29/SUM(Calculations!P$28:P$32),0)*$L$3) -> 1.3407749 | H18: =SUM(IFERROR(Calculations!Z$20*Calculations!Q29/SUM(Calculations!Q$28:Q$32),0)*$L$3) -> 1.609908 | I18: =SUM(IFERROR(Calculations!AA$20*Calculations!R29/SUM(Calculations!R$28:R$32),0)*$L$3) -> 1.3251576 | J18: =SUM(C18:I18) -> 9.975531
A19: SAUCE NACHO CHEESE | B19: 14:00 | C19: =SUM(IFERROR(Calculations!U$20*Calculations!L30/SUM(Calculations!L$28:L$32),0)*$L$3) -> 1.0826921 | D19: =SUM(IFERROR(Calculations!V$20*Calculations!M30/SUM(Calculations!M$28:M$32),0)*$L$3) -> 1.1293606 | E19: =SUM(IFERROR(Calculations!W$20*Calculations!N30/SUM(Calculations!N$28:N$32),0)*$L$3) -> 1.1634152 | F19: =SUM(IFERROR(Calculations!X$20*Calculations!O30/SUM(Calculations!O$28:O$32),0)*$L$3) -> 1.5660976 | G19: =SUM(IFERROR(Calculations!Y$20*Calculations!P30/SUM(Calculations!P$28:P$32),0)*$L$3) -> 1.3622191 | H19: =SUM(IFERROR(Calculations!Z$20*Calculations!Q30/SUM(Calculations!Q$28:Q$32),0)*$L$3) -> 1.5511801 | I19: =SUM(IFERROR(Calculations!AA$20*Calculations!R30/SUM(Calculations!R$28:R$32),0)*$L$3) -> 1.0855778 | J19: =SUM(C19:I19) -> 8.9405425
A20: SAUCE NACHO CHEESE | B20: 15:30 | C20: =SUM(IFERROR(Calculations!U$20*Calculations!L31/SUM(Calculations!L$28:L$32),0)*$L$3) -> 1.2685018 | D20: =SUM(IFERROR(Calculations!V$20*Calculations!M31/SUM(Calculations!M$28:M$32),0)*$L$3) -> 1.7565863 | E20: =SUM(IFERROR(Calculations!W$20*Calculations!N31/SUM(Calculations!N$28:N$32),0)*$L$3) -> 1.9885765 | F20: =SUM(IFERROR(Calculations!X$20*Calculations!O31/SUM(Calculations!O$28:O$32),0)*$L$3) -> 2.6687133 | G20: =SUM(IFERROR(Calculations!Y$20*Calculations!P31/SUM(Calculations!P$28:P$32),0)*$L$3) -> 3.0888969 | H20: =SUM(IFERROR(Calculations!Z$20*Calculations!Q31/SUM(Calculations!Q$28:Q$32),0)*$L$3) -> 2.4219462 | I20: =SUM(IFERROR(Calculations!AA$20*Calculations!R31/SUM(Calculations!R$28:R$32),0)*$L$3) -> 1.4353406 | J20: =SUM(C20:I20) -> 14.628562
A21: SAUCE NACHO CHEESE | B21: 19:00 | C21: =SUM(IFERROR(Calculations!U$20*Calculations!L32/SUM(Calculations!L$28:L$32),0)*$L$3) -> 0.31121039 | D21: =SUM(IFERROR(Calculations!V$20*Calculations!M32/SUM(Calculations!M$28:M$32),0)*$L$3) -> 0.77901204 | E21: =SUM(IFERROR(Calculations!W$20*Calculations!N32/SUM(Calculations!N$28:N$32),0)*$L$3) -> 0.60197708 | F21: =SUM(IFERROR(Calculations!X$20*Calculations!O32/SUM(Calculations!O$28:O$32),0)*$L$3) -> 0.96234733 | G21: =SUM(IFERROR(Calculations!Y$20*Calculations!P32/SUM(Calculations!P$28:P$32),0)*$L$3) -> 0.8207183 | H21: =SUM(IFERROR(Calculations!Z$20*Calculations!Q32/SUM(Calculations!Q$28:Q$32),0)*$L$3) -> 0.66345938 | I21: =SUM(IFERROR(Calculations!AA$20*Calculations!R32/SUM(Calculations!R$28:R$32),0)*$L$3) -> 0.3336401 | J21: =SUM(C21:I21) -> 4.4723646
A22: TB MEXICAN RICE (FINISHED PRODUCT) | B22: 8:45 | C22: =SUM((IFERROR(Calculations!U$21*Calculations!L28/SUM(Calculations!L$28:L$32),0)/1400)*$L$3) -> 0.69002855 | D22: =SUM((IFERROR(Calculations!V$21*Calculations!M28/SUM(Calculations!M$28:M$32),0)/1400)*$L$3) -> 0.38604139 | E22: =SUM((IFERROR(Calculations!W$21*Calculations!N28/SUM(Calculations!N$28:N$32),0)/1400)*$L$3) -> 0.36664301 | F22: =SUM((IFERROR(Calculations!X$21*Calculations!O28/SUM(Calculations!O$28:O$32),0)/1400)*$L$3) -> 0.39964433 | G22: =SUM((IFERROR(Calculations!Y$21*Calculations!P28/SUM(Calculations!P$28:P$32),0)/1400)*$L$3) -> 0.31118411 | H22: =SUM((IFERROR(Calculations!Z$21*Calculations!Q28/SUM(Calculations!Q$28:Q$32),0)/1400)*$L$3) -> 0.30727523 | I22: =SUM((IFERROR(Calculations!AA$21*Calculations!R28/SUM(Calculations!R$28:R$32),0)/1400)*$L$3) -> 0.34806473 | J22: =SUM(C22:I22) -> 2.8088813
A23: TB MEXICAN RICE (FINISHED PRODUCT) | B23: 10:30 | C23: =SUM((IFERROR(Calculations!U$21*Calculations!L29/SUM(Calculations!L$28:L$32),0)/1400)*$L$3) -> 1.1243787 | D23: =SUM((IFERROR(Calculations!V$21*Calculations!M29/SUM(Calculations!M$28:M$32),0)/1400)*$L$3) -> 1.0972528 | E23: =SUM((IFERROR(Calculations!W$21*Calculations!N29/SUM(Calculations!N$28:N$32),0)/1400)*$L$3) -> 1.0264079 | F23: =SUM((IFERROR(Calculations!X$21*Calculations!O29/SUM(Calculations!O$28:O$32),0)/1400)*$L$3) -> 1.3197969 | G23: =SUM((IFERROR(Calculations!Y$21*Calculations!P29/SUM(Calculations!P$28:P$32),0)/1400)*$L$3) -> 1.2194344 | H23: =SUM((IFERROR(Calculations!Z$21*Calculations!Q29/SUM(Calculations!Q$28:Q$32),0)/1400)*$L$3) -> 1.1114858 | I23: =SUM((IFERROR(Calculations!AA$21*Calculations!R29/SUM(Calculations!R$28:R$32),0)/1400)*$L$3) -> 1.136152 | J23: =SUM(C23:I23) -> 8.0349086
A24: TB MEXICAN RICE (FINISHED PRODUCT) | B24: 14:00 | C24: =SUM((IFERROR(Calculations!U$21*Calculations!L30/SUM(Calculations!L$28:L$32),0)/1400)*$L$3) -> 0.92037969 | D24: =SUM((IFERROR(Calculations!V$21*Calculations!M30/SUM(Calculations!M$28:M$32),0)/1400)*$L$3) -> 0.88439066 | E24: =SUM((IFERROR(Calculations!W$21*Calculations!N30/SUM(Calculations!N$28:N$32),0)/1400)*$L$3) -> 0.89202452 | F24: =SUM((IFERROR(Calculations!X$21*Calculations!O30/SUM(Calculations!O$28:O$32),0)/1400)*$L$3) -> 1.2625133 | G24: =SUM((IFERROR(Calculations!Y$21*Calculations!P30/SUM(Calculations!P$28:P$32),0)/1400)*$L$3) -> 1.2389379 | H24: =SUM((IFERROR(Calculations!Z$21*Calculations!Q30/SUM(Calculations!Q$28:Q$32),0)/1400)*$L$3) -> 1.0709399 | I24: =SUM((IFERROR(Calculations!AA$21*Calculations!R30/SUM(Calculations!R$28:R$32),0)/1400)*$L$3) -> 0.93074315 | J24: =SUM(C24:I24) -> 7.1999291
A25: TB MEXICAN RICE (FINISHED PRODUCT) | B25: 15:30 | C25: =SUM((IFERROR(Calculations!U$21*Calculations!L31/SUM(Calculations!L$28:L$32),0)/1400)*$L$3) -> 1.0783336 | D25: =SUM((IFERROR(Calculations!V$21*Calculations!M31/SUM(Calculations!M$28:M$32),0)/1400)*$L$3) -> 1.3755646 | E25: =SUM((IFERROR(Calculations!W$21*Calculations!N31/SUM(Calculations!N$28:N$32),0)/1400)*$L$3) -> 1.5246999 | F25: =SUM((IFERROR(Calculations!X$21*Calculations!O31/SUM(Calculations!O$28:O$32),0)/1400)*$L$3) -> 2.1513896 | G25: =SUM((IFERROR(Calculations!Y$21*Calculations!P31/SUM(Calculations!P$28:P$32),0)/1400)*$L$3) -> 2.8093508 | H25: =SUM((IFERROR(Calculations!Z$21*Calculations!Q31/SUM(Calculations!Q$28:Q$32),0)/1400)*$L$3) -> 1.6721196 | I25: =SUM((IFERROR(Calculations!AA$21*Calculations!R31/SUM(Calculations!R$28:R$32),0)/1400)*$L$3) -> 1.2306197 | J25: =SUM(C25:I25) -> 11.842078
A26: TB MEXICAN RICE (FINISHED PRODUCT) | B26: 19:00 | C26: =SUM((IFERROR(Calculations!U$21*Calculations!L32/SUM(Calculations!L$28:L$32),0)/1400)*$L$3) -> 0.2645551 | D26: =SUM((IFERROR(Calculations!V$21*Calculations!M32/SUM(Calculations!M$28:M$32),0)/1400)*$L$3) -> 0.61003631 | E26: =SUM((IFERROR(Calculations!W$21*Calculations!N32/SUM(Calculations!N$28:N$32),0)/1400)*$L$3) -> 0.46155348 | F26: =SUM((IFERROR(Calculations!X$21*Calculations!O32/SUM(Calculations!O$28:O$32),0)/1400)*$L$3) -> 0.77579859 | G26: =SUM((IFERROR(Calculations!Y$21*Calculations!P32/SUM(Calculations!P$28:P$32),0)/1400)*$L$3) -> 0.74644307 | H26: =SUM((IFERROR(Calculations!Z$21*Calculations!Q32/SUM(Calculations!Q$28:Q$32),0)/1400)*$L$3) -> 0.45805453 | I26: =SUM((IFERROR(Calculations!AA$21*Calculations!R32/SUM(Calculations!R$28:R$32),0)/1400)*$L$3) -> 0.28605341 | J26: =SUM(C26:I26) -> 3.6024945

Sheet Prep Simplified
B2: ITEM NAME | C2: MONDAY | D2: TUESDAY | E2: WEDNESDAY | F2: THURSDAY | G2: FRIDAY | H2: SATURDAY | I2: SUNDAY | J2: Units | L2: MONDAY | M2: TUESDAY | N2: WEDNESDAY | O2: THURSDAY | P2: FRIDAY | Q2: SATURDAY | R2: SUNDAY | T2: How its calculated | V2: Sales Multiplier
A3: Fry | B3: TB TOSTADA (FINISHED PRODUCT) | C3: {=_xlfn.LET( _xlpm.vals, _xlfn.XLOOKUP(B3, 'ISE Average'!B:B, 'ISE Average'!C:F), AVERAGE(_xlpm.vals) / 36 / 3 * $V$3 )} -> 0.64251115 | D3: {=_xlfn.LET( _xlpm.vals, _xlfn.XLOOKUP(B3, 'ISE Average'!B:B, 'ISE Average'!J:M), AVERAGE(_xlpm.vals) / 36 / 3 * $V$3 )} -> 0.80313894 | E3: {=_xlfn.LET( _xlpm.vals, _xlfn.XLOOKUP(B3, 'ISE Average'!B:B, 'ISE Average'!Q:U), AVERAGE(_xlpm.vals) / 36 / 3 * $V$3 )} -> 0.78006284 | F3: {=_xlfn.LET( _xlpm.vals, _xlfn.XLOOKUP(B3, 'ISE Average'!B:B, 'ISE Average'!X:AB), AVERAGE(_xlpm.vals) / 36 / 3 * $V$3 )} -> 1.1257519 | G3: {=_xlfn.LET( _xlpm.vals, _xlfn.XLOOKUP(B3, 'ISE Average'!B:B, 'ISE Average'!AE:AI), AVERAGE(_xlpm.vals) / 36 / 3 * $V$3 )} -> 1.0605959 | H3: {=_xlfn.LET( _xlpm.vals, _xlfn.XLOOKUP(B3, 'ISE Average'!B:B, 'ISE Average'!AL:AP), AVERAGE(_xlpm.vals) / 36 / 3 * $V$3 )} -> 1.0931739 | I3: {=_xlfn.LET( _xlpm.vals, _xlfn.XLOOKUP(B3, 'ISE Average'!B:B, 'ISE Average'!AS:AW), AVERAGE(_xlpm.vals) / 36 / 3 * $V$3 )} -> 0.70404743 | J3: Trays | L3: =C3+D3 -> 1.4456501 | M3: =D3+E3 -> 1.5832018 | N3: =E3+F3 -> 1.9058148 | O3: =F3+G3 -> 2.1863478 | P3: =G3+H3 -> 2.1537698 | Q3: =H3+I3 -> 1.7972213 | R3: =I3+C3 -> 1.3465586 | T3: Today + Tomorrow | V3: ='Product Block Sales'!L3 -> 0.97734091
B4: TB TACO SHELLS (FINISHED PRODUCT) | C4: {=_xlfn.LET( _xlpm.vals, _xlfn.XLOOKUP(B4, 'ISE Average'!B:B, 'ISE Average'!C:F), AVERAGE(_xlpm.vals) / 36 / 3 * $V$3 )} -> 1.5429317 | D4: {=_xlfn.LET( _xlpm.vals, _xlfn.XLOOKUP(B4, 'ISE Average'!B:B, 'ISE Average'!J:M), AVERAGE(_xlpm.vals) / 36 / 3 * $V$3 )} -> 1.69451 | E4: {=_xlfn.LET( _xlpm.vals, _xlfn.XLOOKUP(B4, 'ISE Average'!B:B, 'ISE Average'!Q:U), AVERAGE(_xlpm.vals) / 36 / 3 * $V$3 )} -> 1.6108026 | F4: {=_xlfn.LET( _xlpm.vals, _xlfn.XLOOKUP(B4, 'ISE Average'!B:B, 'ISE Average'!X:AB), AVERAGE(_xlpm.vals) / 36 / 3 * $V$3 )} -> 2.2008269 | G4: {=_xlfn.LET( _xlpm.vals, _xlfn.XLOOKUP(B4, 'ISE Average'!B:B, 'ISE Average'!AE:AI), AVERAGE(_xlpm.vals) / 36 / 3 * $V$3 )} -> 2.1465302 | H4: {=_xlfn.LET( _xlpm.vals, _xlfn.XLOOKUP(B4, 'ISE Average'!B:B, 'ISE Average'!AL:AP), AVERAGE(_xlpm.vals) / 36 / 3 * $V$3 )} -> 1.902195 | I4: {=_xlfn.LET( _xlpm.vals, _xlfn.XLOOKUP(B4, 'ISE Average'!B:B, 'ISE Average'!AS:AW), AVERAGE(_xlpm.vals) / 36 / 3 * $V$3 )} -> 1.3700872 | J4: Trays | L4: =C4+D4 -> 3.2374418 | M4: =D4+E4 -> 3.3053127 | N4: =E4+F4 -> 3.8116295 | O4: =F4+G4 -> 4.3473572 | P4: =G4+H4 -> 4.0487252 | Q4: =H4+I4 -> 3.2722822 | R4: =I4+C4 -> 2.9130189 | T4: Today + Tomorrow
B5: CINNAMON TWISTS | C5: {=_xlfn.LET( _xlpm.vals, _xlfn.XLOOKUP(B5, 'ISE Average'!B:B, 'ISE Average'!C:F), AVERAGE(_xlpm.vals) * 10 * $V$3 )} -> 0.14660114 | D5: {=_xlfn.LET( _xlpm.vals, _xlfn.XLOOKUP(B5, 'ISE Average'!B:B, 'ISE Average'!J:M), AVERAGE(_xlpm.vals) * 10 * $V$3 )} -> 0.14660114 | E5: {=_xlfn.LET( _xlpm.vals, _xlfn.XLOOKUP(B5, 'ISE Average'!B:B, 'ISE Average'!Q:U), AVERAGE(_xlpm.vals) * 10 * $V$3 )} -> 0.15637455 | F5: {=_xlfn.LET( _xlpm.vals, _xlfn.XLOOKUP(B5, 'ISE Average'!B:B, 'ISE Average'!X:AB), AVERAGE(_xlpm.vals)* 10 * $V$3 )} -> 0.25410864 | G5: {=_xlfn.LET( _xlpm.vals, _xlfn.XLOOKUP(B5, 'ISE Average'!B:B, 'ISE Average'!AE:AI), AVERAGE(_xlpm.vals) * 10 * $V$3 )} -> 0.23456182 | H5: {=_xlfn.LET( _xlpm.vals, _xlfn.XLOOKUP(B5, 'ISE Average'!B:B, 'ISE Average'!AL:AP), AVERAGE(_xlpm.vals) * 10 * $V$3 )} -> 0.17592136 | I5: {=_xlfn.LET( _xlpm.vals, _xlfn.XLOOKUP(B5, 'ISE Average'!B:B, 'ISE Average'!AS:AW), AVERAGE(_xlpm.vals) * 10 * $V$3 )} -> 0.097734091 | J5: Cups | L5: =C5+D5 -> 0.29320227 | M5: =D5+E5 -> 0.30297568 | N5: =E5+F5 -> 0.41048318 | O5: =F5+G5 -> 0.48867045 | P5: =G5+H5 -> 0.41048318 | Q5: =H5+I5 -> 0.27365545 | R5: =I5+C5 -> 0.24433523 | T5: Today + Tomorrow
B6: CHIP NACHO CORN | C6: {=_xlfn.LET( _xlpm.vals, _xlfn.XLOOKUP(B6, 'ISE Average'!B:B, 'ISE Average'!C:F), AVERAGE(_xlpm.vals) * 1.5 * $V$3 )} -> 0.97489756 | D6: {=_xlfn.LET( _xlpm.vals, _xlfn.XLOOKUP(B6, 'ISE Average'!B:B, 'ISE Average'!J:M), AVERAGE(_xlpm.vals) * 1.5 * $V$3 )} -> 1.2680998 | E6: {=_xlfn.LET( _xlpm.vals, _xlfn.XLOOKUP(B6, 'ISE Average'!B:B, 'ISE Average'!Q:U), AVERAGE(_xlpm.vals) * 1.5 * $V$3 )} -> 1.284226 | F6: {=_xlfn.LET( _xlpm.vals, _xlfn.XLOOKUP(B6, 'ISE Average'!B:B, 'ISE Average'!X:AB), AVERAGE(_xlpm.vals)* 1.5 * $V$3 )} -> 1.4689434 | G6: {=_xlfn.LET( _xlpm.vals, _xlfn.XLOOKUP(B6, 'ISE Average'!B:B, 'ISE Average'!AE:AI), AVERAGE(_xlpm.vals) * 1.5 * $V$3 )} -> 1.5041277 | H6: {=_xlfn.LET( _xlpm.vals, _xlfn.XLOOKUP(B6, 'ISE Average'!B:B, 'ISE Average'!AL:AP), AVERAGE(_xlpm.vals) * 1.5 * $V$3 )} -> 1.2637018 | I6: {=_xlfn.LET( _xlpm.vals, _xlfn.XLOOKUP(B6, 'ISE Average'!B:B, 'ISE Average'!AS:AW), AVERAGE(_xlpm.vals) * 1.5 * $V$3 )} -> 0.86787873 | J6: Tubs | L6: =C6+D6 -> 2.2429974 | M6: =D6+E6 -> 2.5523258 | N6: =E6+F6 -> 2.7531693 | O6: =F6+G6 -> 2.973071 | P6: =G6+H6 -> 2.7678295 | Q6: =H6+I6 -> 2.1315805 | R6: =I6+C6 -> 1.8427763 | T6: Today + Tomorrow
A7: Salad | B7: CREAM SOUR LIGHT | C7: {=_xlfn.LET( _xlpm.vals, _xlfn.XLOOKUP(B7, 'ISE Average'!B:B, 'ISE Average'!C:F), AVERAGE(_xlpm.vals) * 10 * 1.25 * $V$3 )} -> 9.6512415 | D7: {=_xlfn.LET( _xlpm.vals, _xlfn.XLOOKUP(B7, 'ISE Average'!B:B, 'ISE Average'!J:M), AVERAGE(_xlpm.vals) * 10 * 1.25 * $V$3 )} -> 11.208879 | E7: {=_xlfn.LET( _xlpm.vals, _xlfn.XLOOKUP(B7, 'ISE Average'!B:B, 'ISE Average'!Q:U), AVERAGE(_xlpm.vals) * 10 * 1.25 * $V$3 )} -> 11.312721 | F7: {=_xlfn.LET( _xlpm.vals, _xlfn.XLOOKUP(B7, 'ISE Average'!B:B, 'ISE Average'!X:AB), AVERAGE(_xlpm.vals) * 10 * 1.25 * $V$3 )} -> 14.489079 | G7: {=_xlfn.LET( _xlpm.vals, _xlfn.XLOOKUP(B7, 'ISE Average'!B:B, 'ISE Average'!AE:AI), AVERAGE(_xlpm.vals) * 10 * 1.25 * $V$3 )} -> 14.195877 | H7: {=_xlfn.LET( _xlpm.vals, _xlfn.XLOOKUP(B7, 'ISE Average'!B:B, 'ISE Average'!AL:AP), AVERAGE(_xlpm.vals) * 10 * 1.25 * $V$3 )} -> 13.267403 | I7: {=_xlfn.LET( _xlpm.vals, _xlfn.XLOOKUP(B7, 'ISE Average'!B:B, 'ISE Average'!AS:AW), AVERAGE(_xlpm.vals) * 10 * 1.25 * $V$3 )} -> 8.7716347 | J7: Bottles | L7: =ROUNDUP(C7,0) -> 10 | M7: =ROUNDUP(D7,0) -> 12 | N7: =ROUNDUP(E7,0) -> 12 | O7: =ROUNDUP(F7,0) -> 15 | P7: =ROUNDUP(G7,0) -> 15 | Q7: =ROUNDUP(H7,0) -> 14 | R7: =ROUNDUP(I7,0) -> 9 | T7: Today
B8: SAUCE ZESTY RANCH 1 | C8: {=_xlfn.LET( _xlpm.vals, _xlfn.XLOOKUP(B8, 'ISE Average'!B:B, 'ISE Average'!C:F), AVERAGE(_xlpm.vals) * 30 * 1.25 * $V$3 )} -> 8.7960682 | D8: {=_xlfn.LET( _xlpm.vals, _xlfn.XLOOKUP(B8, 'ISE Average'!B:B, 'ISE Average'!J:M), AVERAGE(_xlpm.vals) * 30 * 1.25 * $V$3 )} -> 10.078828 | E8: {=_xlfn.LET( _xlpm.vals, _xlfn.XLOOKUP(B8, 'ISE Average'!B:B, 'ISE Average'!Q:U), AVERAGE(_xlpm.vals) * 30 * 1.25 * $V$3 )} -> 9.8955767 | F8: {=_xlfn.LET( _xlpm.vals, _xlfn.XLOOKUP(B8, 'ISE Average'!B:B, 'ISE Average'!X:AB), AVERAGE(_xlpm.vals) * 30 * 1.25 * $V$3 )} -> 13.487305 | G8: {=_xlfn.LET( _xlpm.vals, _xlfn.XLOOKUP(B8, 'ISE Average'!B:B, 'ISE Average'!AE:AI), AVERAGE(_xlpm.vals) * 30 * 1.25 * $V$3 )} -> 14.000409 | H8: {=_xlfn.LET( _xlpm.vals, _xlfn.XLOOKUP(B8, 'ISE Average'!B:B, 'ISE Average'!AL:AP), AVERAGE(_xlpm.vals) * 30 * 1.25 * $V$3 )} -> 11.947993 | I8: {=_xlfn.LET( _xlpm.vals, _xlfn.XLOOKUP(B8, 'ISE Average'!B:B, 'ISE Average'!AS:AW), AVERAGE(_xlpm.vals) * 30 * 1.25 * $V$3 )} -> 7.9897619 | J8: Bottles | L8: =ROUNDUP(C8,0) -> 9 | M8: =ROUNDUP(D8,0) -> 11 | N8: =ROUNDUP(E8,0) -> 10 | O8: =ROUNDUP(F8,0) -> 14 | P8: =ROUNDUP(G8,0) -> 15 | Q8: =ROUNDUP(H8,0) -> 12 | R8: =ROUNDUP(I8,0) -> 8 | T8: Today
B9: SAUCE CHIPOTLE MAYO 1 | C9: {=_xlfn.LET( _xlpm.vals, _xlfn.XLOOKUP(B9, 'ISE Average'!B:B, 'ISE Average'!C:F), AVERAGE(_xlpm.vals) * 30 * 1.25 * $V$3 )} -> 4.5812855 | D9: {=_xlfn.LET( _xlpm.vals, _xlfn.XLOOKUP(B9, 'ISE Average'!B:B, 'ISE Average'!J:M), AVERAGE(_xlpm.vals) * 30 * 1.25 * $V$3 )} -> 5.2226655 | E9: {=_xlfn.LET( _xlpm.vals, _xlfn.XLOOKUP(B9, 'ISE Average'!B:B, 'ISE Average'!Q:U), AVERAGE(_xlpm.vals) * 30 * 1.25 * $V$3 )} -> 5.7907449 | F9: {=_xlfn.LET( _xlpm.vals, _xlfn.XLOOKUP(B9, 'ISE Average'!B:B, 'ISE Average'!X:AB), AVERAGE(_xlpm.vals) * 30 * 1.25 * $V$3 )} -> 6.45045 | G9: {=_xlfn.LET( _xlpm.vals, _xlfn.XLOOKUP(B9, 'ISE Average'!B:B, 'ISE Average'!AE:AI), AVERAGE(_xlpm.vals) * 30 * 1.25 * $V$3 )} -> 6.7436523 | H9: {=_xlfn.LET( _xlpm.vals, _xlfn.XLOOKUP(B9, 'ISE Average'!B:B, 'ISE Average'!AL:AP), AVERAGE(_xlpm.vals) * 30 * 1.25 * $V$3 )} -> 6.963554 | I9: {=_xlfn.LET( _xlpm.vals, _xlfn.XLOOKUP(B9, 'ISE Average'!B:B, 'ISE Average'!AS:AW), AVERAGE(_xlpm.vals) * 30 * 1.25 * $V$3 )} -> 4.3247335 | J9: Bottles | L9: =ROUNDUP(C9,0) -> 5 | M9: =ROUNDUP(D9,0) -> 6 | N9: =ROUNDUP(E9,0) -> 6 | O9: =ROUNDUP(F9,0) -> 7 | P9: =ROUNDUP(G9,0) -> 7 | Q9: =ROUNDUP(H9,0) -> 7 | R9: =ROUNDUP(I9,0) -> 5 | T9: Today
B10: LAVA SAUCE | C10: {=_xlfn.LET( _xlpm.vals, _xlfn.XLOOKUP(B10, 'ISE Average'!B:B, 'ISE Average'!C:F), AVERAGE(_xlpm.vals) * 20 * 1.25 * $V$3 )} -> 3.3596094 | D10: {=_xlfn.LET( _xlpm.vals, _xlfn.XLOOKUP(B10, 'ISE Average'!B:B, 'ISE Average'!J:M), AVERAGE(_xlpm.vals) * 20 * 1.25 * $V$3 )} -> 3.8482798 | E10: {=_xlfn.LET( _xlpm.vals, _xlfn.XLOOKUP(B10, 'ISE Average'!B:B, 'ISE Average'!Q:U), AVERAGE(_xlpm.vals) * 20 * 1.25 * $V$3 )} -> 3.6650284 | F10: {=_xlfn.LET( _xlpm.vals, _xlfn.XLOOKUP(B10, 'ISE Average'!B:B, 'ISE Average'!X:AB), AVERAGE(_xlpm.vals) * 20 * 1.25 * $V$3 )} -> 4.7889705 | G10: {=_xlfn.LET( _xlpm.vals, _xlfn.XLOOKUP(B10, 'ISE Average'!B:B, 'ISE Average'!AE:AI), AVERAGE(_xlpm.vals) * 20 * 1.25 * $V$3 )} -> 4.349167 | H10: {=_xlfn.LET( _xlpm.vals, _xlfn.XLOOKUP(B10, 'ISE Average'!B:B, 'ISE Average'!AL:AP), AVERAGE(_xlpm.vals) * 20 * 1.25 * $V$3 )} -> 4.1536989 | I10: {=_xlfn.LET( _xlpm.vals, _xlfn.XLOOKUP(B10, 'ISE Average'!B:B, 'ISE Average'!AS:AW), AVERAGE(_xlpm.vals) * 20 * 1.25 * $V$3 )} -> 3.3718261 | J10: Bottles | L10: =ROUNDUP(C10,0) -> 4 | M10: =ROUNDUP(D10,0) -> 4 | N10: =ROUNDUP(E10,0) -> 4 | O10: =ROUNDUP(F10,0) -> 5 | P10: =ROUNDUP(G10,0) -> 5 | Q10: =ROUNDUP(H10,0) -> 5 | R10: =ROUNDUP(I10,0) -> 4 | T10: Today
B11: SAUCE CREAMY JALAPENO | C11: {=_xlfn.LET( _xlpm.vals, _xlfn.XLOOKUP(B11, 'ISE Average'!B:B, 'ISE Average'!C:F), AVERAGE(_xlpm.vals) * 20 * 1.25 * $V$3 )} -> 1.4049276 | D11: {=_xlfn.LET( _xlpm.vals, _xlfn.XLOOKUP(B11, 'ISE Average'!B:B, 'ISE Average'!J:M), AVERAGE(_xlpm.vals) * 20 * 1.25 * $V$3 )} -> 1.6492628 | E11: {=_xlfn.LET( _xlpm.vals, _xlfn.XLOOKUP(B11, 'ISE Average'!B:B, 'ISE Average'!Q:U), AVERAGE(_xlpm.vals) * 20 * 1.25 * $V$3 )} -> 2.15015 | F11: {=_xlfn.LET( _xlpm.vals, _xlfn.XLOOKUP(B11, 'ISE Average'!B:B, 'ISE Average'!X:AB), AVERAGE(_xlpm.vals) * 20 * 1.25 * $V$3 )} -> 2.2967511 | G11: {=_xlfn.LET( _xlpm.vals, _xlfn.XLOOKUP(B11, 'ISE Average'!B:B, 'ISE Average'!AE:AI), AVERAGE(_xlpm.vals) * 20 * 1.25 * $V$3 )} -> 2.15015 | H11: {=_xlfn.LET( _xlpm.vals, _xlfn.XLOOKUP(B11, 'ISE Average'!B:B, 'ISE Average'!AL:AP), AVERAGE(_xlpm.vals) * 20 * 1.25 * $V$3 )} -> 2.2478841 | I11: {=_xlfn.LET( _xlpm.vals, _xlfn.XLOOKUP(B11, 'ISE Average'!B:B, 'ISE Average'!AS:AW), AVERAGE(_xlpm.vals) * 20 * 1.25 * $V$3 )} -> 1.6614795 | J11: Bottles | L11: =ROUNDUP(C11,0) -> 2 | M11: =ROUNDUP(D11,0) -> 2 | N11: =ROUNDUP(E11,0) -> 3 | O11: =ROUNDUP(F11,0) -> 3 | P11: =ROUNDUP(G11,0) -> 3 | Q11: =ROUNDUP(H11,0) -> 3 | R11: =ROUNDUP(I11,0) -> 2 | T11: Today
B12: SAUCE CHILLI MILD | C12: {=_xlfn.LET( _xlpm.vals, _xlfn.XLOOKUP(B12, 'ISE Average'!B:B, 'ISE Average'!C:F), AVERAGE(_xlpm.vals) * 20 * 1.25 * $V$3 )} -> 4.2758665 | D12: {=_xlfn.LET( _xlpm.vals, _xlfn.XLOOKUP(B12, 'ISE Average'!B:B, 'ISE Average'!J:M), AVERAGE(_xlpm.vals) * 20 * 1.25 * $V$3 )} -> 5.1310398 | E12: {=_xlfn.LET( _xlpm.vals, _xlfn.XLOOKUP(B12, 'ISE Average'!B:B, 'ISE Average'!Q:U), AVERAGE(_xlpm.vals) * 20 * 1.25 * $V$3 )} -> 4.6912364 | F12: {=_xlfn.LET( _xlpm.vals, _xlfn.XLOOKUP(B12, 'ISE Average'!B:B, 'ISE Average'!X:AB), AVERAGE(_xlpm.vals) * 20 * 1.25 * $V$3 )} -> 6.3038489 | G12: {=_xlfn.LET( _xlpm.vals, _xlfn.XLOOKUP(B12, 'ISE Average'!B:B, 'ISE Average'!AE:AI), AVERAGE(_xlpm.vals) * 20 * 1.25 * $V$3 )} -> 5.8151784 | H12: {=_xlfn.LET( _xlpm.vals, _xlfn.XLOOKUP(B12, 'ISE Average'!B:B, 'ISE Average'!AL:AP), AVERAGE(_xlpm.vals) * 20 * 1.25 * $V$3 )} -> 5.7174443 | I12: {=_xlfn.LET( _xlpm.vals, _xlfn.XLOOKUP(B12, 'ISE Average'!B:B, 'ISE Average'!AS:AW), AVERAGE(_xlpm.vals) * 20 * 1.25 * $V$3 )} -> 3.8116295 | J12: Bottles | L12: =ROUNDUP(C12,0) -> 5 | M12: =ROUNDUP(D12,0) -> 6 | N12: =ROUNDUP(E12,0) -> 5 | O12: =ROUNDUP(F12,0) -> 7 | P12: =ROUNDUP(G12,0) -> 6 | Q12: =ROUNDUP(H12,0) -> 6 | R12: =ROUNDUP(I12,0) -> 4 | T12: Today
B13: SAUCE FIRE 10X1KG | C13: {=_xlfn.LET( _xlpm.vals, _xlfn.XLOOKUP(B13, 'ISE Average'!B:B, 'ISE Average'!C:F), AVERAGE(_xlpm.vals) * 20 * 1.25 * $V$3 )} -> 1.0995085 | D13: {=_xlfn.LET( _xlpm.vals, _xlfn.XLOOKUP(B13, 'ISE Average'!B:B, 'ISE Average'!J:M), AVERAGE(_xlpm.vals) * 20 * 1.25 * $V$3 )} -> 1.4660114 | E13: {=_xlfn.LET( _xlpm.vals, _xlfn.XLOOKUP(B13, 'ISE Average'!B:B, 'ISE Average'!Q:U), AVERAGE(_xlpm.vals) * 20 * 1.25 * $V$3 )} -> 1.2705432 | F13: {=_xlfn.LET( _xlpm.vals, _xlfn.XLOOKUP(B13, 'ISE Average'!B:B, 'ISE Average'!X:AB), AVERAGE(_xlpm.vals) * 20 * 1.25 * $V$3 )} -> 1.7592136 | G13: {=_xlfn.LET( _xlpm.vals, _xlfn.XLOOKUP(B13, 'ISE Average'!B:B, 'ISE Average'!AE:AI), AVERAGE(_xlpm.vals) * 20 * 1.25 * $V$3 )} -> 1.8080807 | H13: {=_xlfn.LET( _xlpm.vals, _xlfn.XLOOKUP(B13, 'ISE Average'!B:B, 'ISE Average'!AL:AP), AVERAGE(_xlpm.vals) * 20 * 1.25 * $V$3 )} -> 1.8569477 | I13: {=_xlfn.LET( _xlpm.vals, _xlfn.XLOOKUP(B13, 'ISE Average'!B:B, 'ISE Average'!AS:AW), AVERAGE(_xlpm.vals) * 20 * 1.25 * $V$3 )} -> 0.97734091 | J13: Bottles | L13: =ROUNDUP(C13,0) -> 2 | M13: =ROUNDUP(D13,0) -> 2 | N13: =ROUNDUP(E13,0) -> 2 | O13: =ROUNDUP(F13,0) -> 2 | P13: =ROUNDUP(G13,0) -> 2 | Q13: =ROUNDUP(H13,0) -> 2 | R13: =ROUNDUP(I13,0) -> 1 | T13: Today
B14: TB FIESTA SALSA (FINISHED PRODUCT) | C14: {=_xlfn.LET( _xlpm.vals, _xlfn.XLOOKUP(B14, 'ISE Average'!B:B, 'ISE Average'!C:F), AVERAGE(_xlpm.vals) * 1.25 * $V$3 )} -> 2.021874 | D14: {=_xlfn.LET( _xlpm.vals, _xlfn.XLOOKUP(B14, 'ISE Average'!B:B, 'ISE Average'!J:M), AVERAGE(_xlpm.vals) * 1.25 * $V$3 )} -> 2.2265048 | E14: {=_xlfn.LET( _xlpm.vals, _xlfn.XLOOKUP(B14, 'ISE Average'!B:B, 'ISE Average'!Q:U), AVERAGE(_xlpm.vals) * 1.25 * $V$3 )} -> 2.2601009 | F14: {=_xlfn.LET( _xlpm.vals, _xlfn.XLOOKUP(B14, 'ISE Average'!B:B, 'ISE Average'!X:AB), AVERAGE(_xlpm.vals) * 1.25 * $V$3 )} -> 3.2227816 | G14: {=_xlfn.LET( _xlpm.vals, _xlfn.XLOOKUP(B14, 'ISE Average'!B:B, 'ISE Average'!AE:AI), AVERAGE(_xlpm.vals) * 1.25 * $V$3 )} -> 3.1299343 | H14: {=_xlfn.LET( _xlpm.vals, _xlfn.XLOOKUP(B14, 'ISE Average'!B:B, 'ISE Average'!AL:AP), AVERAGE(_xlpm.vals) * 1.25 * $V$3 )} -> 2.3505049 | I14: {=_xlfn.LET( _xlpm.vals, _xlfn.XLOOKUP(B14, 'ISE Average'!B:B, 'ISE Average'!AS:AW), AVERAGE(_xlpm.vals) * 1.25 * $V$3 )} -> 1.7054599 | J14: Pans | L14: =ROUNDUP(C14,0) -> 3 | M14: =ROUNDUP(D14,0) -> 3 | N14: =ROUNDUP(E14,0) -> 3 | O14: =ROUNDUP(F14,0) -> 4 | P14: =ROUNDUP(G14,0) -> 4 | Q14: =ROUNDUP(H14,0) -> 3 | R14: =ROUNDUP(I14,0) -> 2 | T14: Today
B15: TB GUACAMOLE (FINISHED PRODUCT) | C15: {=_xlfn.LET( _xlpm.vals, _xlfn.XLOOKUP(B15, 'ISE Average'!B:B, 'ISE Average'!C:F), AVERAGE(_xlpm.vals) / 1850 * 1.25 * $V$3 )} -> 1.5976057 | D15: {=_xlfn.LET( _xlpm.vals, _xlfn.XLOOKUP(B15, 'ISE Average'!B:B, 'ISE Average'!J:M), AVERAGE(_xlpm.vals) / 1850 * 1.25 * $V$3 )} -> 1.7975479 | E15: {=_xlfn.LET( _xlpm.vals, _xlfn.XLOOKUP(B15, 'ISE Average'!B:B, 'ISE Average'!Q:U), AVERAGE(_xlpm.vals) / 1850 * 1.25 * $V$3 )} -> 1.942782 | F15: {=_xlfn.LET( _xlpm.vals, _xlfn.XLOOKUP(B15, 'ISE Average'!B:B, 'ISE Average'!X:AB), AVERAGE(_xlpm.vals) / 1850 * 1.25 * $V$3 )} -> 2.5374279 | G15: {=_xlfn.LET( _xlpm.vals, _xlfn.XLOOKUP(B15, 'ISE Average'!B:B, 'ISE Average'!AE:AI), AVERAGE(_xlpm.vals) / 1850 * 1.25 * $V$3 )} -> 2.4944778 | H15: {=_xlfn.LET( _xlpm.vals, _xlfn.XLOOKUP(B15, 'ISE Average'!B:B, 'ISE Average'!AL:AP), AVERAGE(_xlpm.vals) / 1850 * 1.25 * $V$3 )} -> 1.8410329 | I15: {=_xlfn.LET( _xlpm.vals, _xlfn.XLOOKUP(B15, 'ISE Average'!B:B, 'ISE Average'!AS:AW), AVERAGE(_xlpm.vals) / 1850 * 1.25 * $V$3 )} -> 1.3106934 | J15: Pans | L15: =ROUNDUP(C15,0) -> 2 | M15: =ROUNDUP(D15,0) -> 2 | N15: =ROUNDUP(E15,0) -> 2 | O15: =ROUNDUP(F15,0) -> 3 | P15: =ROUNDUP(G15,0) -> 3 | Q15: =ROUNDUP(H15,0) -> 2 | R15: =ROUNDUP(I15,0) -> 2 | T15: Today
A16: Thaw | B16: TORTILLA FLOUR 12INCH | C16: {=_xlfn.LET( _xlpm.vals, _xlfn.XLOOKUP(B16, 'ISE Average'!B:B, 'ISE Average'!C:F), AVERAGE(_xlpm.vals) * $V$3 )} -> 0.67436523 | D16: {=_xlfn.LET( _xlpm.vals, _xlfn.XLOOKUP(B16, 'ISE Average'!B:B, 'ISE Average'!J:M), AVERAGE(_xlpm.vals) * $V$3 )} -> 0.81363631 | E16: {=_xlfn.LET( _xlpm.vals, _xlfn.XLOOKUP(B16, 'ISE Average'!B:B, 'ISE Average'!Q:U), AVERAGE(_xlpm.vals) * $V$3 )} -> 0.76428059 | F16: {=_xlfn.LET( _xlpm.vals, _xlfn.XLOOKUP(B16, 'ISE Average'!B:B, 'ISE Average'!X:AB), AVERAGE(_xlpm.vals) * $V$3 )} -> 1.1376248 | G16: {=_xlfn.LET( _xlpm.vals, _xlfn.XLOOKUP(B16, 'ISE Average'!B:B, 'ISE Average'!AE:AI), AVERAGE(_xlpm.vals) * $V$3 )} -> 1.118078 | H16: {=_xlfn.LET( _xlpm.vals, _xlfn.XLOOKUP(B16, 'ISE Average'!B:B, 'ISE Average'!AL:AP), AVERAGE(_xlpm.vals) * $V$3 )} -> 1.0105705 | I16: {=_xlfn.LET( _xlpm.vals, _xlfn.XLOOKUP(B16, 'ISE Average'!B:B, 'ISE Average'!AS:AW), AVERAGE(_xlpm.vals) * $V$3 )} -> 0.70564014 | J16: Boxes | L16: =C16+D16+E16 -> 2.2522821 | M16: =D16+E16+F16 -> 2.7155417 | N16: =E16+F16+G16 -> 3.0199834 | O16: =F16+G16+H16 -> 3.2662733 | P16: =G16+H16+I16 -> 2.8342886 | Q16: =H16+I16+C16 -> 2.3905759 | R16: =I16+C16+D16 -> 2.1936417 | T16: Today + 2 Days
B17: TORTILLA FLOUR 10.25INCH | C17: {=_xlfn.LET( _xlpm.vals, _xlfn.XLOOKUP(B17, 'ISE Average'!B:B, 'ISE Average'!C:F), AVERAGE(_xlpm.vals) * $V$3 )} -> 0.87960682 | D17: {=_xlfn.LET( _xlpm.vals, _xlfn.XLOOKUP(B17, 'ISE Average'!B:B, 'ISE Average'!J:M), AVERAGE(_xlpm.vals) * $V$3 )} -> 1.0677449 | E17: {=_xlfn.LET( _xlpm.vals, _xlfn.XLOOKUP(B17, 'ISE Average'!B:B, 'ISE Average'!Q:U), AVERAGE(_xlpm.vals) * $V$3 )} -> 1.0848484 | F17: {=_xlfn.LET( _xlpm.vals, _xlfn.XLOOKUP(B17, 'ISE Average'!B:B, 'ISE Average'!X:AB), AVERAGE(_xlpm.vals) * $V$3 )} -> 1.2275402 | G17: {=_xlfn.LET( _xlpm.vals, _xlfn.XLOOKUP(B17, 'ISE Average'!B:B, 'ISE Average'!AE:AI), AVERAGE(_xlpm.vals) * $V$3 )} -> 1.2920447 | H17: {=_xlfn.LET( _xlpm.vals, _xlfn.XLOOKUP(B17, 'ISE Average'!B:B, 'ISE Average'!AL:AP), AVERAGE(_xlpm.vals) * $V$3 )} -> 1.2079934 | I17: {=_xlfn.LET( _xlpm.vals, _xlfn.XLOOKUP(B17, 'ISE Average'!B:B, 'ISE Average'!AS:AW), AVERAGE(_xlpm.vals) * $V$3 )} -> 0.92065514 | J17: Boxes | L17: =C17+D17+E17 -> 3.0322002 | M17: =D17+E17+F17 -> 3.3801335 | N17: =E17+F17+G17 -> 3.6044333 | O17: =F17+G17+H17 -> 3.7275782 | P17: =G17+H17+I17 -> 3.4206932 | Q17: =H17+I17+C17 -> 3.0082553 | R17: =I17+C17+D17 -> 2.8680069 | T17: Today + 2 Days
B18: TORTILLA FLOUR 6.5INCH | C18: {=_xlfn.LET( _xlpm.vals, _xlfn.XLOOKUP(B18, 'ISE Average'!B:B, 'ISE Average'!C:F), AVERAGE(_xlpm.vals) * $V$3 )} -> 0.24189187 | D18: {=_xlfn.LET( _xlpm.vals, _xlfn.XLOOKUP(B18, 'ISE Average'!B:B, 'ISE Average'!J:M), AVERAGE(_xlpm.vals) * $V$3 )} -> 0.27609881 | E18: {=_xlfn.LET( _xlpm.vals, _xlfn.XLOOKUP(B18, 'ISE Average'!B:B, 'ISE Average'!Q:U), AVERAGE(_xlpm.vals) * $V$3 )} -> 0.25606332 | F18: {=_xlfn.LET( _xlpm.vals, _xlfn.XLOOKUP(B18, 'ISE Average'!B:B, 'ISE Average'!X:AB), AVERAGE(_xlpm.vals) * $V$3 )} -> 0.36161614 | G18: {=_xlfn.LET( _xlpm.vals, _xlfn.XLOOKUP(B18, 'ISE Average'!B:B, 'ISE Average'!AE:AI), AVERAGE(_xlpm.vals) * $V$3 )} -> 0.35184273 | H18: {=_xlfn.LET( _xlpm.vals, _xlfn.XLOOKUP(B18, 'ISE Average'!B:B, 'ISE Average'!AL:AP), AVERAGE(_xlpm.vals) * $V$3 )} -> 0.40461914 | I18: {=_xlfn.LET( _xlpm.vals, _xlfn.XLOOKUP(B18, 'ISE Average'!B:B, 'ISE Average'!AS:AW), AVERAGE(_xlpm.vals) * $V$3 )} -> 0.22869777 | J18: Boxes | L18: =C18+D18+E18 -> 0.774054 | M18: =D18+E18+F18 -> 0.89377826 | N18: =E18+F18+G18 -> 0.96952218 | O18: =F18+G18+H18 -> 1.118078 | P18: =G18+H18+I18 -> 0.98515964 | Q18: =H18+I18+C18 -> 0.87520878 | R18: =I18+C18+D18 -> 0.74668845 | T18: Today + 2 Days
B19: FlatBread | C19: {=_xlfn.LET( _xlpm.vals, _xlfn.XLOOKUP(B19, 'ISE Average'!B:B, 'ISE Average'!C:F), AVERAGE(_xlpm.vals) * $V$3 )} -> 0.50821727 | D19: {=_xlfn.LET( _xlpm.vals, _xlfn.XLOOKUP(B19, 'ISE Average'!B:B, 'ISE Average'!J:M), AVERAGE(_xlpm.vals) * $V$3 )} -> 0.52776409 | E19: {=_xlfn.LET( _xlpm.vals, _xlfn.XLOOKUP(B19, 'ISE Average'!B:B, 'ISE Average'!Q:U), AVERAGE(_xlpm.vals) * $V$3 )} -> 0.54340155 | F19: {=_xlfn.LET( _xlpm.vals, _xlfn.XLOOKUP(B19, 'ISE Average'!B:B, 'ISE Average'!X:AB), AVERAGE(_xlpm.vals) * $V$3 )} -> 0.76818995 | G19: {=_xlfn.LET( _xlpm.vals, _xlfn.XLOOKUP(B19, 'ISE Average'!B:B, 'ISE Average'!AE:AI), AVERAGE(_xlpm.vals) * $V$3 )} -> 0.76818995 | H19: {=_xlfn.LET( _xlpm.vals, _xlfn.XLOOKUP(B19, 'ISE Average'!B:B, 'ISE Average'!AL:AP), AVERAGE(_xlpm.vals) * $V$3 )} -> 0.65090905 | I19: {=_xlfn.LET( _xlpm.vals, _xlfn.XLOOKUP(B19, 'ISE Average'!B:B, 'ISE Average'!AS:AW), AVERAGE(_xlpm.vals) * $V$3 )} -> 0.47694236 | J19: Boxes | L19: =C19+D19+E19 -> 1.5793829 | M19: =D19+E19+F19 -> 1.8393556 | N19: =E19+F19+G19 -> 2.0797815 | O19: =F19+G19+H19 -> 2.187289 | P19: =G19+H19+I19 -> 1.8960414 | Q19: =H19+I19+C19 -> 1.6360687 | R19: =I19+C19+D19 -> 1.5129237 | T19: Today + 2 Days
B20: TORTILLA CORN 6 INCH | C20: {=_xlfn.LET( _xlpm.vals, _xlfn.XLOOKUP(B20, 'ISE Average'!B:B, 'ISE Average'!C:F), AVERAGE(_xlpm.vals) * $V$3 )} -> 0.54486756 | D20: {=_xlfn.LET( _xlpm.vals, _xlfn.XLOOKUP(B20, 'ISE Average'!B:B, 'ISE Average'!J:M), AVERAGE(_xlpm.vals) * $V$3 )} -> 0.62549818 | E20: {=_xlfn.LET( _xlpm.vals, _xlfn.XLOOKUP(B20, 'ISE Average'!B:B, 'ISE Average'!Q:U), AVERAGE(_xlpm.vals) * $V$3 )} -> 0.59813264 | F20: {=_xlfn.LET( _xlpm.vals, _xlfn.XLOOKUP(B20, 'ISE Average'!B:B, 'ISE Average'!X:AB), AVERAGE(_xlpm.vals) * $V$3 )} -> 0.83073977 | G20: {=_xlfn.LET( _xlpm.vals, _xlfn.XLOOKUP(B20, 'ISE Average'!B:B, 'ISE Average'!AE:AI), AVERAGE(_xlpm.vals) * $V$3 )} -> 0.80337423 | H20: {=_xlfn.LET( _xlpm.vals, _xlfn.XLOOKUP(B20, 'ISE Average'!B:B, 'ISE Average'!AL:AP), AVERAGE(_xlpm.vals) * $V$3 )} -> 0.75059782 | I20: {=_xlfn.LET( _xlpm.vals, _xlfn.XLOOKUP(B20, 'ISE Average'!B:B, 'ISE Average'!AS:AW), AVERAGE(_xlpm.vals) * $V$3 )} -> 0.51799068 | J20: Boxes | L20: =C20+D20+E20 -> 1.7684984 | M20: =D20+E20+F20 -> 2.0543706 | N20: =E20+F20+G20 -> 2.2322466 | O20: =F20+G20+H20 -> 2.3847118 | P20: =G20+H20+I20 -> 2.0719627 | Q20: =H20+I20+C20 -> 1.8134561 | R20: =I20+C20+D20 -> 1.6883564 | T20: Today + 2 Days
B21: CHIP NACHO CORN | C21: {=_xlfn.LET( _xlpm.vals, _xlfn.XLOOKUP(B21, 'ISE Average'!B:B, 'ISE Average'!C:F), AVERAGE(_xlpm.vals) * $V$3 )} -> 0.6499317 | D21: {=_xlfn.LET( _xlpm.vals, _xlfn.XLOOKUP(B21, 'ISE Average'!B:B, 'ISE Average'!J:M), AVERAGE(_xlpm.vals) * $V$3 )} -> 0.84539989 | E21: {=_xlfn.LET( _xlpm.vals, _xlfn.XLOOKUP(B21, 'ISE Average'!B:B, 'ISE Average'!Q:U), AVERAGE(_xlpm.vals) * $V$3 )} -> 0.85615064 | F21: {=_xlfn.LET( _xlpm.vals, _xlfn.XLOOKUP(B21, 'ISE Average'!B:B, 'ISE Average'!X:AB), AVERAGE(_xlpm.vals) * $V$3 )} -> 0.97929559 | G21: {=_xlfn.LET( _xlpm.vals, _xlfn.XLOOKUP(B21, 'ISE Average'!B:B, 'ISE Average'!AE:AI), AVERAGE(_xlpm.vals) * $V$3 )} -> 1.0027518 | H21: {=_xlfn.LET( _xlpm.vals, _xlfn.XLOOKUP(B21, 'ISE Average'!B:B, 'ISE Average'!AL:AP), AVERAGE(_xlpm.vals) * $V$3 )} -> 0.84246786 | I21: {=_xlfn.LET( _xlpm.vals, _xlfn.XLOOKUP(B21, 'ISE Average'!B:B, 'ISE Average'!AS:AW), AVERAGE(_xlpm.vals) * $V$3 )} -> 0.57858582 | J21: Boxes | L21: =C21+D21+E21 -> 2.3514822 | M21: =D21+E21+F21 -> 2.6808461 | N21: =E21+F21+G21 -> 2.838198 | O21: =F21+G21+H21 -> 2.8245152 | P21: =G21+H21+I21 -> 2.4238055 | Q21: =H21+I21+C21 -> 2.0709854 | R21: =I21+C21+D21 -> 2.0739174 | T21: Today + 2 Days
B22: MEAT BEEF COOKED | C22: {=_xlfn.LET( _xlpm.vals, _xlfn.XLOOKUP(B22, 'ISE Average'!B:B, 'ISE Average'!C:F), AVERAGE(_xlpm.vals) * 8 * $V$3 )} -> 10.281626 | D22: {=_xlfn.LET( _xlpm.vals, _xlfn.XLOOKUP(B22, 'ISE Average'!B:B, 'ISE Average'!J:M), AVERAGE(_xlpm.vals) * 8 * $V$3 )} -> 11.473982 | E22: {=_xlfn.LET( _xlpm.vals, _xlfn.XLOOKUP(B22, 'ISE Average'!B:B, 'ISE Average'!Q:U), AVERAGE(_xlpm.vals) * 8 * $V$3 )} -> 11.415342 | F22: {=_xlfn.LET( _xlpm.vals, _xlfn.XLOOKUP(B22, 'ISE Average'!B:B, 'ISE Average'!X:AB), AVERAGE(_xlpm.vals) * 8 * $V$3 )} -> 14.886857 | G22: {=_xlfn.LET( _xlpm.vals, _xlfn.XLOOKUP(B22, 'ISE Average'!B:B, 'ISE Average'!AE:AI), AVERAGE(_xlpm.vals) * 8 * $V$3 )} -> 15.230881 | H22: {=_xlfn.LET( _xlpm.vals, _xlfn.XLOOKUP(B22, 'ISE Average'!B:B, 'ISE Average'!AL:AP), AVERAGE(_xlpm.vals) * 8 * $V$3 )} -> 13.385661 | I22: {=_xlfn.LET( _xlpm.vals, _xlfn.XLOOKUP(B22, 'ISE Average'!B:B, 'ISE Average'!AS:AW), AVERAGE(_xlpm.vals) * 8 * $V$3 )} -> 9.46066 | J22: Bags | L22: =ROUNDUP(C22+D22+E22,0) -> 34 | M22: =ROUNDUP(D22+E22+F22,0) -> 38 | N22: =ROUNDUP(E22+F22+G22,0) -> 42 | O22: =ROUNDUP(F22+G22+H22,0) -> 44 | P22: =ROUNDUP(G22+H22+I22,0) -> 39 | Q22: =ROUNDUP(H22+I22+C22,0) -> 34 | R22: =ROUNDUP(I22+C22+D22,0) -> 32 | T22: Today + 2 Days

Sheet Prep Guide Calculations
B2: Prep Guide
B3: Forecasted Sales Below: | H3: 3811 - Chirnside Park
B4: =_xlfn.XLOOKUP(TEXT(NOW()+TIME(12,0,0),"dddd"),'Weekly Forecast'!D1:J1,'Weekly Forecast'!D2:J2) -> 5292 | H4: =TEXT(NOW()+TIME(12,0,0),"dddd") -> Thursday | K4: =NOW()+TIME(12,0,0) -> 46226.314
B6: Manager Initial:
B8: Cook Cycle | D8: 8:45 | F8: 10:30 | H8: 14:00 | J8: 15:30 | L8: 19:00
B9: BEEF | D9: {=ROUNDUP(_xlfn.XLOOKUP( 1, (ProductBlockSales[Item]="MEAT BEEF COOKED ")* (ProductBlockSales[Cook Block]=D$8), INDEX(ProductBlockSales[[Monday]:[Sunday]], , MATCH($H$4, 'Product Block Sales'!$C$1:$I$1, 0)) ),0)} -> 2 | F9: {=ROUNDUP(_xlfn.XLOOKUP( 1, (ProductBlockSales[Item]="MEAT BEEF COOKED ")* (ProductBlockSales[Cook Block]=F$8), INDEX(ProductBlockSales[[Monday]:[Sunday]], , MATCH($H$4, 'Product Block Sales'!$C$1:$I$1, 0)) ),0)} -> 4 | H9: {=ROUNDUP(_xlfn.XLOOKUP( 1, (ProductBlockSales[Item]="MEAT BEEF COOKED ")* (ProductBlockSales[Cook Block]=H$8), INDEX(ProductBlockSales[[Monday]:[Sunday]], , MATCH($H$4, 'Product Block Sales'!$C$1:$I$1, 0)) ),0)} -> 4 | J9: {=ROUNDUP(_xlfn.XLOOKUP( 1, (ProductBlockSales[Item]="MEAT BEEF COOKED ")* (ProductBlockSales[Cook Block]=J$8), INDEX(ProductBlockSales[[Monday]:[Sunday]], , MATCH($H$4, 'Product Block Sales'!$C$1:$I$1, 0)) ),0)} -> 6 | L9: {=ROUNDUP(_xlfn.XLOOKUP( 1, (ProductBlockSales[Item]="MEAT BEEF COOKED ")* (ProductBlockSales[Cook Block]=L$8), INDEX(ProductBlockSales[[Monday]:[Sunday]], , MATCH($H$4, 'Product Block Sales'!$C$1:$I$1, 0)) ),0)} -> 2
B10: CHICKEN | D10: {=ROUNDUP(_xlfn.XLOOKUP( 1, (ProductBlockSales[Item]="MEAT CHICKEN COOKED")* (ProductBlockSales[Cook Block]=D$8), INDEX(ProductBlockSales[[Monday]:[Sunday]], , MATCH($H$4, 'Product Block Sales'!$C$1:$I$1, 0)) ),0)} -> 2 | F10: {=ROUNDUP(_xlfn.XLOOKUP( 1, (ProductBlockSales[Item]="MEAT CHICKEN COOKED")* (ProductBlockSales[Cook Block]=F$8), INDEX(ProductBlockSales[[Monday]:[Sunday]], , MATCH($H$4, 'Product Block Sales'!$C$1:$I$1, 0)) ),0)} -> 5 | H10: {=ROUNDUP(_xlfn.XLOOKUP( 1, (ProductBlockSales[Item]="MEAT CHICKEN COOKED")* (ProductBlockSales[Cook Block]=H$8), INDEX(ProductBlockSales[[Monday]:[Sunday]], , MATCH($H$4, 'Product Block Sales'!$C$1:$I$1, 0)) ),0)} -> 5 | J10: {=ROUNDUP(_xlfn.XLOOKUP( 1, (ProductBlockSales[Item]="MEAT CHICKEN COOKED")* (ProductBlockSales[Cook Block]=J$8), INDEX(ProductBlockSales[[Monday]:[Sunday]], , MATCH($H$4, 'Product Block Sales'!$C$1:$I$1, 0)) ),0)} -> 8 | L10: {=ROUNDUP(_xlfn.XLOOKUP( 1, (ProductBlockSales[Item]="MEAT CHICKEN COOKED")* (ProductBlockSales[Cook Block]=L$8), INDEX(ProductBlockSales[[Monday]:[Sunday]], , MATCH($H$4, 'Product Block Sales'!$C$1:$I$1, 0)) ),0)} -> 3
B11: BEANS | D11: {=ROUNDUP(_xlfn.XLOOKUP( 1, (ProductBlockSales[Item]="BEANS BLACK COOKED")* (ProductBlockSales[Cook Block]=D$8), INDEX(ProductBlockSales[[Monday]:[Sunday]], , MATCH($H$4, 'Product Block Sales'!$C$1:$I$1, 0)) ),0)} -> 1 | F11: {=ROUNDUP(_xlfn.XLOOKUP( 1, (ProductBlockSales[Item]="BEANS BLACK COOKED")* (ProductBlockSales[Cook Block]=F$8), INDEX(ProductBlockSales[[Monday]:[Sunday]], , MATCH($H$4, 'Product Block Sales'!$C$1:$I$1, 0)) ),0)} -> 3 | H11: {=ROUNDUP(_xlfn.XLOOKUP( 1, (ProductBlockSales[Item]="BEANS BLACK COOKED")* (ProductBlockSales[Cook Block]=H$8), INDEX(ProductBlockSales[[Monday]:[Sunday]], , MATCH($H$4, 'Product Block Sales'!$C$1:$I$1, 0)) ),0)} -> 3 | J11: {=ROUNDUP(_xlfn.XLOOKUP( 1, (ProductBlockSales[Item]="BEANS BLACK COOKED")* (ProductBlockSales[Cook Block]=J$8), INDEX(ProductBlockSales[[Monday]:[Sunday]], , MATCH($H$4, 'Product Block Sales'!$C$1:$I$1, 0)) ),0)} -> 4 | L11: {=ROUNDUP(_xlfn.XLOOKUP( 1, (ProductBlockSales[Item]="BEANS BLACK COOKED")* (ProductBlockSales[Cook Block]=L$8), INDEX(ProductBlockSales[[Monday]:[Sunday]], , MATCH($H$4, 'Product Block Sales'!$C$1:$I$1, 0)) ),0)} -> 2
B12: NACHO CHEESE | D12: {=ROUNDUP(_xlfn.XLOOKUP( 1, (ProductBlockSales[Item]="SAUCE NACHO CHEESE")* (ProductBlockSales[Cook Block]=D$8), INDEX(ProductBlockSales[[Monday]:[Sunday]], , MATCH($H$4, 'Product Block Sales'!$C$1:$I$1, 0)) ),0)} -> 1 | F12: {=ROUNDUP(_xlfn.XLOOKUP( 1, (ProductBlockSales[Item]="SAUCE NACHO CHEESE")* (ProductBlockSales[Cook Block]=F$8), INDEX(ProductBlockSales[[Monday]:[Sunday]], , MATCH($H$4, 'Product Block Sales'!$C$1:$I$1, 0)) ),0)} -> 2 | H12: {=ROUNDUP(_xlfn.XLOOKUP( 1, (ProductBlockSales[Item]="SAUCE NACHO CHEESE")* (ProductBlockSales[Cook Block]=H$8), INDEX(ProductBlockSales[[Monday]:[Sunday]], , MATCH($H$4, 'Product Block Sales'!$C$1:$I$1, 0)) ),0)} -> 2 | J12: {=ROUNDUP(_xlfn.XLOOKUP( 1, (ProductBlockSales[Item]="SAUCE NACHO CHEESE")* (ProductBlockSales[Cook Block]=J$8), INDEX(ProductBlockSales[[Monday]:[Sunday]], , MATCH($H$4, 'Product Block Sales'!$C$1:$I$1, 0)) ),0)} -> 3 | L12: {=ROUNDUP(_xlfn.XLOOKUP( 1, (ProductBlockSales[Item]="SAUCE NACHO CHEESE")* (ProductBlockSales[Cook Block]=L$8), INDEX(ProductBlockSales[[Monday]:[Sunday]], , MATCH($H$4, 'Product Block Sales'!$C$1:$I$1, 0)) ),0)} -> 1
B13: RICE | D13: {=_xlfn.LET( _xlpm.qty, ROUNDUP( _xlfn.XLOOKUP( 1, (ProductBlockSales[Item]="TB MEXICAN RICE (FINISHED PRODUCT)") * (ProductBlockSales[Cook Block]=D$8), INDEX(ProductBlockSales[[Monday]:[Sunday]], , MATCH($H$4, 'Product Block Sales'!$C$1:$I$1, 0) ) ), 0 ), IF(_xlpm.qty>1, _xlpm.qty & " PANS", _xlpm.qty & " PAN") )} -> 1 PAN | F13: {=_xlfn.LET( _xlpm.qty, ROUNDUP( _xlfn.XLOOKUP( 1, (ProductBlockSales[Item]="TB MEXICAN RICE (FINISHED PRODUCT)") * (ProductBlockSales[Cook Block]=F$8), INDEX(ProductBlockSales[[Monday]:[Sunday]], , MATCH($H$4, 'Product Block Sales'!$C$1:$I$1, 0) ) ), 0 ), IF(_xlpm.qty>1, _xlpm.qty & " PANS", _xlpm.qty & " PAN") )} -> 2 PANS | H13: {=_xlfn.LET( _xlpm.qty, ROUNDUP( _xlfn.XLOOKUP( 1, (ProductBlockSales[Item]="TB MEXICAN RICE (FINISHED PRODUCT)") * (ProductBlockSales[Cook Block]=H$8), INDEX(ProductBlockSales[[Monday]:[Sunday]], , MATCH($H$4, 'Product Block Sales'!$C$1:$I$1, 0) ) ), 0 ), IF(_xlpm.qty>1, _xlpm.qty & " PANS", _xlpm.qty & " PAN") )} -> 2 PANS | J13: {=_xlfn.LET( _xlpm.qty, ROUNDUP( _xlfn.XLOOKUP( 1, (ProductBlockSales[Item]="TB MEXICAN RICE (FINISHED PRODUCT)") * (ProductBlockSales[Cook Block]=J$8), INDEX(ProductBlockSales[[Monday]:[Sunday]], , MATCH($H$4, 'Product Block Sales'!$C$1:$I$1, 0) ) ), 0 ), IF(_xlpm.qty>1, _xlpm.qty & " PANS", _xlpm.qty & " PAN") )} -> 3 PANS | L13: {=_xlfn.LET( _xlpm.qty, ROUNDUP( _xlfn.XLOOKUP( 1, (ProductBlockSales[Item]="TB MEXICAN RICE (FINISHED PRODUCT)") * (ProductBlockSales[Cook Block]=L$8), INDEX(ProductBlockSales[[Monday]:[Sunday]], , MATCH($H$4, 'Product Block Sales'!$C$1:$I$1, 0) ) ), 0 ), IF(_xlpm.qty>1, _xlpm.qty & " PANS", _xlpm.qty & " PAN") )} -> 1 PAN
B15: SALAD PREP | F15: FRY PREP | J15: THAWING
B16: TB FIESTA SALSA (FINISHED PRODUCT) | D16: {=ROUNDUP(_xlfn.XLOOKUP(B16,'Prep Simplified'!$B$3:$B$22,INDEX('Prep Simplified'!$L$3:$R$22,,MATCH($H$4,'Prep Simplified'!$L$2:$R$2,0))),0)&" PANS"} -> 4 PANS | F16: TB TACO SHELLS (FINISHED PRODUCT) | H16: {=ROUNDUP(_xlfn.XLOOKUP(F16,'Prep Simplified'!$B$3:$B$22,INDEX('Prep Simplified'!$L$3:$R$22,,MATCH($H$4,'Prep Simplified'!$L$2:$R$2,0))),0)&" TRAYS"} -> 5 TRAYS | J16: TORTILLA FLOUR 12INCH | L16: {=ROUNDUP(_xlfn.XLOOKUP(J16,'Prep Simplified'!$B$3:$B$22,INDEX('Prep Simplified'!$L$3:$R$22,,MATCH($H$4,'Prep Simplified'!$L$2:$R$2,0))),0)&" BOXES"} -> 4 BOXES
B17: TB GUACAMOLE (FINISHED PRODUCT) | D17: {=ROUNDUP(_xlfn.XLOOKUP(B17,'Prep Simplified'!$B$3:$B$22,INDEX('Prep Simplified'!$L$3:$R$22,,MATCH($H$4,'Prep Simplified'!$L$2:$R$2,0))),0)&" PANS"} -> 3 PANS | F17: TB TOSTADA (FINISHED PRODUCT) | H17: {=ROUNDUP(_xlfn.XLOOKUP(F17,'Prep Simplified'!$B$3:$B$22,INDEX('Prep Simplified'!$L$3:$R$22,,MATCH($H$4,'Prep Simplified'!$L$2:$R$2,0))),0)&" TRAYS"} -> 3 TRAYS | J17: TORTILLA FLOUR 10.25INCH | L17: {=ROUNDUP(_xlfn.XLOOKUP(J17,'Prep Simplified'!$B$3:$B$22,INDEX('Prep Simplified'!$L$3:$R$22,,MATCH($H$4,'Prep Simplified'!$L$2:$R$2,0))),0)&" BOXES"} -> 4 BOXES
B18: RICE | D18: {=ROUNDUP(_xlfn.XLOOKUP(B18,'Prep Simplified'!$B$3:$B$22,INDEX('Prep Simplified'!$L$3:$R$22,,MATCH($H$4,'Prep Simplified'!$L$2:$R$2,0))),0)&" PANS"} -> #N/A | F18: TOSTADAS | H18: {=ROUNDUP(_xlfn.XLOOKUP(F18,'Prep Simplified'!$B$3:$B$22,INDEX('Prep Simplified'!$L$3:$R$22,,MATCH($H$4,'Prep Simplified'!$L$2:$R$2,0))),0)&" TRAYS"} -> #N/A | J18: 6.5INCH | L18: {=ROUNDUP(_xlfn.XLOOKUP(J18,'Prep Simplified'!$B$3:$B$22,INDEX('Prep Simplified'!$L$3:$R$22,,MATCH($H$4,'Prep Simplified'!$L$2:$R$2,0))),0)&" BOXES"} -> #N/A
B19: RICE | D19: {=ROUNDUP(_xlfn.XLOOKUP(B19,'Prep Simplified'!$B$3:$B$22,INDEX('Prep Simplified'!$L$3:$R$22,,MATCH($H$4,'Prep Simplified'!$L$2:$R$2,0))),0)&" PANS"} -> #N/A | F19: TOSTADAS | H19: {=ROUNDUP(_xlfn.XLOOKUP(F19,'Prep Simplified'!$B$3:$B$22,INDEX('Prep Simplified'!$L$3:$R$22,,MATCH($H$4,'Prep Simplified'!$L$2:$R$2,0))),0)&" TRAYS"} -> #N/A | J19: FlatBread | L19: {=ROUNDUP(_xlfn.XLOOKUP(J19,'Prep Simplified'!$B$3:$B$22,INDEX('Prep Simplified'!$L$3:$R$22,,MATCH($H$4,'Prep Simplified'!$L$2:$R$2,0))),0)&" BOXES"} -> 3 BOXES
B20: RICE | D20: {=ROUNDUP(_xlfn.XLOOKUP(B20,'Prep Simplified'!$B$3:$B$22,INDEX('Prep Simplified'!$L$3:$R$22,,MATCH($H$4,'Prep Simplified'!$L$2:$R$2,0))),0)&" PANS"} -> #N/A | F20: TOSTADAS | H20: {=ROUNDUP(_xlfn.XLOOKUP(F20,'Prep Simplified'!$B$3:$B$22,INDEX('Prep Simplified'!$L$3:$R$22,,MATCH($H$4,'Prep Simplified'!$L$2:$R$2,0))),0)&" TRAYS"} -> #N/A | J20: CORN 6 INCH | L20: {=ROUNDUP(_xlfn.XLOOKUP(J20,'Prep Simplified'!$B$3:$B$22,INDEX('Prep Simplified'!$L$3:$R$22,,MATCH($H$4,'Prep Simplified'!$L$2:$R$2,0))),0)&" BOXES"} -> #N/A
B21: RICE | D21: {=ROUNDUP(_xlfn.XLOOKUP(B21,'Prep Simplified'!$B$3:$B$22,INDEX('Prep Simplified'!$L$3:$R$22,,MATCH($H$4,'Prep Simplified'!$L$2:$R$2,0))),0)&" PANS"} -> #N/A | F21: TOSTADAS | H21: {=ROUNDUP(_xlfn.XLOOKUP(F21,'Prep Simplified'!$B$3:$B$22,INDEX('Prep Simplified'!$L$3:$R$22,,MATCH($H$4,'Prep Simplified'!$L$2:$R$2,0))),0)&" TRAYS"} -> #N/A | J21: CHIP NACHO | L21: {=ROUNDUP(_xlfn.XLOOKUP(J21,'Prep Simplified'!$B$3:$B$22,INDEX('Prep Simplified'!$L$3:$R$22,,MATCH($H$4,'Prep Simplified'!$L$2:$R$2,0))),0)&" BOXES"} -> #N/A
B22: RICE | D22: {=ROUNDUP(_xlfn.XLOOKUP(B22,'Prep Simplified'!$B$3:$B$22,INDEX('Prep Simplified'!$L$3:$R$22,,MATCH($H$4,'Prep Simplified'!$L$2:$R$2,0))),0)&" PANS"} -> #N/A | F22: TOSTADAS | H22: {=ROUNDUP(_xlfn.XLOOKUP(F22,'Prep Simplified'!$B$3:$B$22,INDEX('Prep Simplified'!$L$3:$R$22,,MATCH($H$4,'Prep Simplified'!$L$2:$R$2,0))),0)&" TRAYS"} -> #N/A | J22: BEEF | L22: {=ROUNDUP(_xlfn.XLOOKUP(J22,'Prep Simplified'!$B$3:$B$22,INDEX('Prep Simplified'!$L$3:$R$22,,MATCH($H$4,'Prep Simplified'!$L$2:$R$2,0))),0)&" BOXES"} -> #N/A
B23: RICE | D23: {=ROUNDUP(_xlfn.XLOOKUP(B23,'Prep Simplified'!$B$3:$B$22,INDEX('Prep Simplified'!$L$3:$R$22,,MATCH($H$4,'Prep Simplified'!$L$2:$R$2,0))),0)&" PANS"} -> #N/A | F23: TOSTADAS | H23: {=ROUNDUP(_xlfn.XLOOKUP(F23,'Prep Simplified'!$B$3:$B$22,INDEX('Prep Simplified'!$L$3:$R$22,,MATCH($H$4,'Prep Simplified'!$L$2:$R$2,0))),0)&" TRAYS"} -> #N/A | J23: TOSTADAS | L23: {=ROUNDUP(_xlfn.XLOOKUP(J23,'Prep Simplified'!$B$3:$B$22,INDEX('Prep Simplified'!$L$3:$R$22,,MATCH($H$4,'Prep Simplified'!$L$2:$R$2,0))),0)&" BOXES"} -> #N/A
B24: RICE | D24: {=ROUNDUP(_xlfn.XLOOKUP(B24,'Prep Simplified'!$B$3:$B$22,INDEX('Prep Simplified'!$L$3:$R$22,,MATCH($H$4,'Prep Simplified'!$L$2:$R$2,0))),0)&" PANS"} -> #N/A | F24: TOSTADAS | H24: {=ROUNDUP(_xlfn.XLOOKUP(F24,'Prep Simplified'!$B$3:$B$22,INDEX('Prep Simplified'!$L$3:$R$22,,MATCH($H$4,'Prep Simplified'!$L$2:$R$2,0))),0)&" TRAYS"} -> #N/A | J24: TOSTADAS | L24: {=ROUNDUP(_xlfn.XLOOKUP(J24,'Prep Simplified'!$B$3:$B$22,INDEX('Prep Simplified'!$L$3:$R$22,,MATCH($H$4,'Prep Simplified'!$L$2:$R$2,0))),0)&" BOXES"} -> #N/A
B25: RICE | D25: {=ROUNDUP(_xlfn.XLOOKUP(B25,'Prep Simplified'!$B$3:$B$22,INDEX('Prep Simplified'!$L$3:$R$22,,MATCH($H$4,'Prep Simplified'!$L$2:$R$2,0))),0)&" PANS"} -> #N/A | F25: TOSTADAS | H25: {=ROUNDUP(_xlfn.XLOOKUP(F25,'Prep Simplified'!$B$3:$B$22,INDEX('Prep Simplified'!$L$3:$R$22,,MATCH($H$4,'Prep Simplified'!$L$2:$R$2,0))),0)&" TRAYS"} -> #N/A | J25: TOSTADAS | L25: {=ROUNDUP(_xlfn.XLOOKUP(J25,'Prep Simplified'!$B$3:$B$22,INDEX('Prep Simplified'!$L$3:$R$22,,MATCH($H$4,'Prep Simplified'!$L$2:$R$2,0))),0)&" BOXES"} -> #N/A
B26: RICE | D26: {=ROUNDUP(_xlfn.XLOOKUP(B26,'Prep Simplified'!$B$3:$B$22,INDEX('Prep Simplified'!$L$3:$R$22,,MATCH($H$4,'Prep Simplified'!$L$2:$R$2,0))),0)&" PANS"} -> #N/A | F26: TOSTADAS | H26: {=ROUNDUP(_xlfn.XLOOKUP(F26,'Prep Simplified'!$B$3:$B$22,INDEX('Prep Simplified'!$L$3:$R$22,,MATCH($H$4,'Prep Simplified'!$L$2:$R$2,0))),0)&" TRAYS"} -> #N/A | J26: TOSTADAS | L26: {=ROUNDUP(_xlfn.XLOOKUP(J26,'Prep Simplified'!$B$3:$B$22,INDEX('Prep Simplified'!$L$3:$R$22,,MATCH($H$4,'Prep Simplified'!$L$2:$R$2,0))),0)&" BOXES"} -> #N/A
B27: RICE | D27: {=ROUNDUP(_xlfn.XLOOKUP(B27,'Prep Simplified'!$B$3:$B$22,INDEX('Prep Simplified'!$L$3:$R$22,,MATCH($H$4,'Prep Simplified'!$L$2:$R$2,0))),0)&" PANS"} -> #N/A | F27: TOSTADAS | H27: {=ROUNDUP(_xlfn.XLOOKUP(F27,'Prep Simplified'!$B$3:$B$22,INDEX('Prep Simplified'!$L$3:$R$22,,MATCH($H$4,'Prep Simplified'!$L$2:$R$2,0))),0)&" TRAYS"} -> #N/A | J27: TOSTADAS | L27: {=ROUNDUP(_xlfn.XLOOKUP(J27,'Prep Simplified'!$B$3:$B$22,INDEX('Prep Simplified'!$L$3:$R$22,,MATCH($H$4,'Prep Simplified'!$L$2:$R$2,0))),0)&" BOXES"} -> #N/A
... B33: RICE | D33: {=ROUNDUP(_xlfn.XLOOKUP(B33,'Prep Simplified'!$B$3:$B$22,INDEX('Prep Simplified'!$L$3:$R$22,,MATCH($H$4,'Prep Simplified'!$L$2:$R$2,0))),0)&" PANS"} -> #N/A | F33: TOSTADAS | H33: {=ROUNDUP(_xlfn.XLOOKUP(F33,'Prep Simplified'!$B$3:$B$22,INDEX('Prep Simplified'!$L$3:$R$22,,MATCH($H$4,'Prep Simplified'!$L$2:$R$2,0))),0)&" TRAYS"} -> #N/A | J33: TOSTADAS | L33: {=ROUNDUP(_xlfn.XLOOKUP(J33,'Prep Simplified'!$B$3:$B$22,INDEX('Prep Simplified'!$L$3:$R$22,,MATCH($H$4,'Prep Simplified'!$L$2:$R$2,0))),0)&" BOXES"} -> #N/A
B34: CREAM SOUR LIGHT | D34: {=ROUNDUP(_xlfn.XLOOKUP(B34,'Prep Simplified'!$B$3:$B$22,INDEX('Prep Simplified'!$L$3:$R$22,,MATCH($H$4,'Prep Simplified'!$L$2:$R$2,0))),0)&" BOTTLES"} -> 15 BOTTLES | F34: CHIP NACHO CORN | H34: {=ROUNDUP(_xlfn.XLOOKUP(F34,'Prep Simplified'!$B$3:$B$22,INDEX('Prep Simplified'!$L$3:$R$22,,MATCH($H$4,'Prep Simplified'!$L$2:$R$2,0)))/2,0)&" TUBS"} -> 2 TUBS | J34: TORTILLA FLOUR 6.5INCH | L34: {=ROUNDUP(_xlfn.XLOOKUP(J34,'Prep Simplified'!$B$3:$B$22,INDEX('Prep Simplified'!$L$3:$R$22,,MATCH($H$4,'Prep Simplified'!$L$2:$R$2,0))),0)&" BOXES"} -> 2 BOXES
B35: SAUCE ZESTY RANCH 1 | D35: {=ROUNDUP(_xlfn.XLOOKUP(B35,'Prep Simplified'!$B$3:$B$22,INDEX('Prep Simplified'!$L$3:$R$22,,MATCH($H$4,'Prep Simplified'!$L$2:$R$2,0))),0)&" BOTTLES"} -> 14 BOTTLES | F35: CINNAMON TWISTS | H35: {=ROUNDUP(_xlfn.XLOOKUP(F35,'Prep Simplified'!$B$3:$B$22,INDEX('Prep Simplified'!$L$3:$R$22,,MATCH($H$4,'Prep Simplified'!$L$2:$R$2,0))),0)&" CUPS"} -> 1 CUPS | J35: FlatBread | L35: {=ROUNDUP(_xlfn.XLOOKUP(J35,'Prep Simplified'!$B$3:$B$22,INDEX('Prep Simplified'!$L$3:$R$22,,MATCH($H$4,'Prep Simplified'!$L$2:$R$2,0))),0)&" BOXES"} -> 3 BOXES
B36: SAUCE CHIPOTLE MAYO 1 | D36: {=ROUNDUP(_xlfn.XLOOKUP(B36,'Prep Simplified'!$B$3:$B$22,INDEX('Prep Simplified'!$L$3:$R$22,,MATCH($H$4,'Prep Simplified'!$L$2:$R$2,0))),0)&" BOTTLES"} -> 7 BOTTLES | J36: TORTILLA CORN 6 INCH | L36: {=ROUNDUP(_xlfn.XLOOKUP(J36,'Prep Simplified'!$B$3:$B$22,INDEX('Prep Simplified'!$L$3:$R$22,,MATCH($H$4,'Prep Simplified'!$L$2:$R$2,0))),0)&" BOXES"} -> 3 BOXES
B37: LAVA SAUCE | D37: {=ROUNDUP(_xlfn.XLOOKUP(B37,'Prep Simplified'!$B$3:$B$22,INDEX('Prep Simplified'!$L$3:$R$22,,MATCH($H$4,'Prep Simplified'!$L$2:$R$2,0))),0)&" BOTTLES"} -> 5 BOTTLES | J37: CHIP NACHO CORN | L37: {=ROUNDUP(_xlfn.XLOOKUP(J37,'Prep Simplified'!$B$3:$B$22,INDEX('Prep Simplified'!$L$3:$R$22,,MATCH($H$4,'Prep Simplified'!$L$2:$R$2,0))),0)&" BOXES"} -> 3 BOXES
B38: SAUCE CREAMY JALAPENO | D38: {=ROUNDUP(_xlfn.XLOOKUP(B38,'Prep Simplified'!$B$3:$B$22,INDEX('Prep Simplified'!$L$3:$R$22,,MATCH($H$4,'Prep Simplified'!$L$2:$R$2,0))),0)&" BOTTLES"} -> 3 BOTTLES | J38: MEAT BEEF COOKED | L38: {=ROUNDUP(_xlfn.XLOOKUP(J38,'Prep Simplified'!$B$3:$B$22,INDEX('Prep Simplified'!$L$3:$R$22,,MATCH($H$4,'Prep Simplified'!$L$2:$R$2,0))),0)&" BAGS"} -> 44 BAGS
B39: SAUCE CHILLI MILD | D39: {=ROUNDUP(_xlfn.XLOOKUP(B39,'Prep Simplified'!$B$3:$B$22,INDEX('Prep Simplified'!$L$3:$R$22,,MATCH($H$4,'Prep Simplified'!$L$2:$R$2,0))),0)&" BOTTLES"} -> 7 BOTTLES
B40: SAUCE FIRE 10X1KG | D40: {=ROUNDUP(_xlfn.XLOOKUP(B40,'Prep Simplified'!$B$3:$B$22,INDEX('Prep Simplified'!$L$3:$R$22,,MATCH($H$4,'Prep Simplified'!$L$2:$R$2,0))),0)&" BOTTLES"} -> 2 BOTTLES
D43: =SUM(D9:E12) -> 6 | F43: =SUM(F9:G12) -> 14 | H43: =SUM(H9:I12) -> 14 | J43: =SUM(J9:K12) -> 21 | L43: =SUM(L9:M12) -> 8

Sheet Prep Guide
B2: ='Prep Guide Calculations'!B2 -> Prep Guide
B3: Forecasted Sales Below: | H3: ='Prep Guide Calculations'!H3 -> 3811 - Chirnside Park
B4: ='Prep Guide Calculations'!B4 -> 5292 | H4: ='Prep Guide Calculations'!H4 -> Thursday | K4: ='Prep Guide Calculations'!K4 -> 46226.314
B6: ='Prep Guide Calculations'!B6 -> Manager Initial:
B8: ='Prep Guide Calculations'!B8 -> Cook Cycle | D8: ='Prep Guide Calculations'!D8 -> 8:45 | F8: ='Prep Guide Calculations'!F8 -> 10:30 | H8: ='Prep Guide Calculations'!H8 -> 14:00 | J8: ='Prep Guide Calculations'!J8 -> 15:30 | L8: ='Prep Guide Calculations'!L8 -> 19:00
B9: ='Prep Guide Calculations'!B9 -> BEEF | D9: ='Prep Guide Calculations'!D9 -> 2 | F9: ='Prep Guide Calculations'!F9 -> 4 | H9: ='Prep Guide Calculations'!H9 -> 4 | J9: ='Prep Guide Calculations'!J9 -> 6 | L9: ='Prep Guide Calculations'!L9 -> 2
B10: ='Prep Guide Calculations'!B10 -> CHICKEN | D10: ='Prep Guide Calculations'!D10 -> 2 | F10: ='Prep Guide Calculations'!F10 -> 5 | H10: ='Prep Guide Calculations'!H10 -> 5 | J10: ='Prep Guide Calculations'!J10 -> 8 | L10: ='Prep Guide Calculations'!L10 -> 3
B11: ='Prep Guide Calculations'!B11 -> BEANS | D11: ='Prep Guide Calculations'!D11 -> 1 | F11: ='Prep Guide Calculations'!F11 -> 3 | H11: ='Prep Guide Calculations'!H11 -> 3 | J11: ='Prep Guide Calculations'!J11 -> 4 | L11: ='Prep Guide Calculations'!L11 -> 2
B12: ='Prep Guide Calculations'!B12 -> NACHO CHEESE | D12: ='Prep Guide Calculations'!D12 -> 1 | F12: ='Prep Guide Calculations'!F12 -> 2 | H12: ='Prep Guide Calculations'!H12 -> 2 | J12: ='Prep Guide Calculations'!J12 -> 3 | L12: ='Prep Guide Calculations'!L12 -> 1
B13: ='Prep Guide Calculations'!B13 -> RICE | D13: ='Prep Guide Calculations'!D13 -> 1 PAN | F13: ='Prep Guide Calculations'!F13 -> 2 PANS | H13: ='Prep Guide Calculations'!H13 -> 2 PANS | J13: ='Prep Guide Calculations'!J13 -> 3 PANS | L13: ='Prep Guide Calculations'!L13 -> 1 PAN
B15: ='Prep Guide Calculations'!B15 -> SALAD PREP | F15: ='Prep Guide Calculations'!F15 -> FRY PREP | J15: ='Prep Guide Calculations'!J15 -> THAWING
B16: FIESTA (PANS) | D16: ='Prep Guide Calculations'!D16 -> 4 PANS | F16: TACOS | H16: ='Prep Guide Calculations'!H16 -> 5 TRAYS | J16: 12" TORTILLAS | L16: ='Prep Guide Calculations'!L16 -> 4 BOXES
B17: GUAC (PANS) | D17: ='Prep Guide Calculations'!D17 -> 3 PANS | F17: TOSTADAS | H17: ='Prep Guide Calculations'!H17 -> 3 TRAYS | J17: 10" TORTILLAS | L17: ='Prep Guide Calculations'!L17 -> 4 BOXES
B18: RICE | D18: ='Prep Guide Calculations'!D18 -> #N/A | F18: TOSTADAS | H18: ='Prep Guide Calculations'!H18 -> #N/A | J18: TOSTADAS | L18: ='Prep Guide Calculations'!L18 -> #N/A
B19: RICE | D19: ='Prep Guide Calculations'!D19 -> #N/A | F19: TOSTADAS | H19: ='Prep Guide Calculations'!H19 -> #N/A | J19: TOSTADAS | L19: ='Prep Guide Calculations'!L19 -> 3 BOXES
B20: RICE | D20: ='Prep Guide Calculations'!D20 -> #N/A | F20: TOSTADAS | H20: ='Prep Guide Calculations'!H20 -> #N/A | J20: TOSTADAS | L20: ='Prep Guide Calculations'!L20 -> #N/A
B21: RICE | D21: ='Prep Guide Calculations'!D21 -> #N/A | F21: TOSTADAS | H21: ='Prep Guide Calculations'!H21 -> #N/A | J21: TOSTADAS | L21: ='Prep Guide Calculations'!L21 -> #N/A
B22: RICE | D22: ='Prep Guide Calculations'!D22 -> #N/A | F22: TOSTADAS | H22: ='Prep Guide Calculations'!H22 -> #N/A | J22: TOSTADAS | L22: ='Prep Guide Calculations'!L22 -> #N/A
B23: RICE | D23: ='Prep Guide Calculations'!D23 -> #N/A | F23: TOSTADAS | H23: ='Prep Guide Calculations'!H23 -> #N/A | J23: TOSTADAS | L23: ='Prep Guide Calculations'!L23 -> #N/A
B24: RICE | D24: ='Prep Guide Calculations'!D24 -> #N/A | F24: TOSTADAS | H24: ='Prep Guide Calculations'!H24 -> #N/A | J24: TOSTADAS | L24: ='Prep Guide Calculations'!L24 -> #N/A
B25: RICE | D25: ='Prep Guide Calculations'!D25 -> #N/A | F25: TOSTADAS | H25: ='Prep Guide Calculations'!H25 -> #N/A | J25: TOSTADAS | L25: ='Prep Guide Calculations'!L25 -> #N/A
B26: RICE | D26: ='Prep Guide Calculations'!D26 -> #N/A | F26: TOSTADAS | H26: ='Prep Guide Calculations'!H26 -> #N/A | J26: TOSTADAS | L26: ='Prep Guide Calculations'!L26 -> #N/A
B27: RICE | D27: ='Prep Guide Calculations'!D27 -> #N/A | F27: TOSTADAS | H27: ='Prep Guide Calculations'!H27 -> #N/A | J27: TOSTADAS | L27: ='Prep Guide Calculations'!L27 -> #N/A
... B35: ZESTY RANCH | D35: ='Prep Guide Calculations'!D35 -> 14 BOTTLES | F35: CIN TWISTS | H35: ='Prep Guide Calculations'!H35 -> 1 CUPS | J35: FLAT BREADS | L35: ='Prep Guide Calculations'!L35 -> 3 BOXES
B36: CHIPOTLE MAYO | D36: ='Prep Guide Calculations'!D36 -> 7 BOTTLES | J36: TOSTADAS | L36: ='Prep Guide Calculations'!L36 -> 3 BOXES
B37: LAVA | D37: ='Prep Guide Calculations'!D37 -> 5 BOTTLES | J37: NACHO CHIPS | L37: ='Prep Guide Calculations'!L37 -> 3 BOXES
B38: CREAMY J | D38: ='Prep Guide Calculations'!D38 -> 3 BOTTLES | J38: BEEF | L38: ='Prep Guide Calculations'!L38 -> 44 BAGS
B39: MILD | D39: ='Prep Guide Calculations'!D39 -> 7 BOTTLES
B40: FIRE | D40: ='Prep Guide Calculations'!D40 -> 2 BOTTLES
D43: =SUM(D9:E12) -> 6 | F43: =SUM(F9:G12) -> 14 | H43: =SUM(H9:I12) -> 14 | J43: =SUM(J9:K12) -> 21 | L43: =SUM(L9:M12) -> 8

Sheet Weekly Forecast
C1: Week | D1: Monday | E1: Tuesday | F1: Wednesday | G1: Thursday | H1: Friday | I1: Saturday | J1: Sunday
B2: Forecast Sales $ | C2: 40044 | D2: 4721 | E2: 4519 | F2: 4939 | G2: 5292 | H2: 7230 | I2: 7038 | J2: 6305
B3: Actual Sales | C3: 0 | D3: 0 | E3: 0 | F3: 0 | G3: 0 | H3: 0 | I3: 0 | J3: 0
C5: Copy from Labour Schedule then "Ctrl + Shift + V" in "B2"
